"","Date","Datum","Q1A","Q1P","Q2A","Q2P","Q3A","Q3P","Q4A","Q4P","Q5A","Q5P","Q6A","Q6P","Q7A","Q7P","Q8A","Q8P","Q9A","Q9P","Q10A","Q10P","Q11A","Q11P","Q12A","Q12P","Q13A","Q13P","Q14A","Q14P","Q15A","Q15P","Q16","Q17","Q18","Q19","Q20","Q21","Q22","Q23","Q24","Q25","Q26","Q27","Q28","Q29","Q30","Q31","Q32","Q33","Q34","Q35","Q36","Q37","Q38","Q39","Q40","Q41","Q42"
"1","1992Q1",1992-03-31,-14.4312474016673,1.2638160323355,6.85466674814258,12.6207791094249,-19.6523779679205,-2.17417921532966,-16.5633776055371,-2.55520579105551,1.14997845732408,7.79058281145837,-26.2516152986389,-33.7297470578906,-44.7450933525179,-28.212202655648,-33.8093730085159,-27.3153131326823,-26.7246179104514,-22.9370328668518,NA,NA,62.1629015129766,58.9592113477078,59.7817072991042,51.4666144018671,69.1980038844588,66.46296162393,47.6733815538388,45.3148202293696,34.5740889934264,40.0458120141529,19.3760977243483,13.7605043702767,-19.018390926477,NA,21.3778236120133,26.4068153211776,14.4334267940298,2.29519552887832,21.1656551538894,59.1569141045135,71.4241845690616,60.5299016279596,26.3552220377077,42.3612402446009,4.05060248574777,4.86728749572406,NA,NA,NA,NA,NA,NA,NA,NA,NA,NA,NA
"2","1992Q2",1992-06-30,-27.23646341354,-7.99957943539296,-8.96464896718592,18.9823381720894,-33.2915781417927,-12.8264783232456,-35.7998886225577,-13.8117681146656,-4.91751592411964,20.6168132083139,-35.519426546456,-28.0316232159974,-61.1395348655765,-33.313407635693,-31.5511688405161,-24.4576491783606,-29.8938883317153,-17.6109640775142,-0.668860053448715,6.94743851592017,49.1140577108063,51.3440204471413,59.0575050556091,57.1851444537808,63.2980364663572,68.1525360815439,44.0708627227005,48.2851624599761,26.7172882332181,26.6042099900189,14.2895205956564,25.0890454331128,-27.3163660522756,NA,21.3448206514204,24.3956897251527,7.74910305026271,3.2704612757512,19.9623649734579,57.0601715999672,73.9370816381606,70.8031015974107,19.8557887829194,46.9948762894274,2.85650461629581,17.9016066899176,8.11341644920561,-0.752022142231314,-2.95771575598065,-12.0276836591617,-10.3364293689576,50.0342924073873,40.8614804071417,24.9871181903132,23.8961030965983,NA,NA
"3","1992Q3",1992-09-30,-45.3964578880934,-37.1060656800363,-7.83130511662124,-2.62937924611423,-47.2921487225313,-35.286888555632,-41.8807602661866,-36.2385356737711,-5.81779574222675,-4.82717796842211,-40.1077757623277,-31.4289283372979,-75.0031404384559,-59.488418674924,-43.9508727946565,-35.43476234523,-44.0684851383715,-35.2590890642833,-15.6180743796883,-9.12697093047914,54.5486804561234,46.7835554435126,55.8289044927826,57.9652725307796,53.6083286608508,52.8838529991213,32.6751872386705,39.6649755536686,20.2628290407672,32.4020624906763,22.2847018834551,27.2852627241942,-29.0474034547656,NA,13.1772629523707,22.4974448482828,13.0079653405782,5.83618460018911,22.3870885955388,51.8320316927686,80.7642131200428,85.1469222953686,-0.05496471755945,34.3914270950063,-12.9053387250448,-2.23433445038942,-5.76772218905311,-11.117683027852,-6.25571349774913,-31.0133119646181,-37.8194483746988,61.247339816013,70.176154070444,10.9356777744508,25.8288465813123,NA,NA
"4","1992Q4",1992-12-31,-32.0533049120563,-30.6407354781541,-15.8285361816933,-3.51385808457748,-21.1293633984692,-17.8232875740582,-35.2126962014949,-31.4564423415681,-9.46300577221469,-2.5230702313245,-38.6079302514138,-37.0403604486964,-59.5884520760895,-49.2429974974007,-51.0856620512934,-47.4076978670551,-25.0673290755272,-26.4082545734176,-15.7805017054556,-13.8041010949749,54.8832278827147,57.1200578715364,53.1005862318238,52.4140357744806,59.083162740812,62.6320207020299,29.4384092769795,38.0727485968058,21.043667793196,25.2331481940661,19.7886483869396,20.1710461247506,-21.0659739574439,NA,14.3733874542923,18.4142564779719,7.63843698056685,2.34426103736227,17.7260399712026,49.7113017905517,74.3178320293217,79.6342232595243,10.041085328587,17.9078656628961,-15.3680290686073,-20.8459633198467,-7.02195383095665,-14.1418148587609,-13.9689648075912,-24.2088496610208,-31.2243989748786,62.7028543639146,66.5842294002286,6.07886681078138,25.1261907143781,NA,NA
"5","1993Q1",1993-03-31,-29.7328452781322,-18.3979363656767,-16.5492637632095,1.78853019990055,-23.0792297549859,-7.99175629763357,-32.1652409479325,-18.495780290309,-17.8459819373344,-1.14835867656535,-30.7192396874683,-26.9817243224156,-52.5964216687153,-38.7215998970047,-43.6126178155076,-35.0703832308719,-27.7229235536812,-23.2763645432291,-8.58138983743966,-3.24973011197381,28.1813319404202,24.6437299338124,44.0517135909059,37.5813868243213,65.9633059317221,58.8891401223072,35.7158878840946,39.3693265402285,15.7299104493391,22.3469356296723,13.8082573153076,11.4354760945504,-21.6280854778781,NA,18.9711892215582,23.4479277206888,10.7635788225894,4.29499889616578,20.9132031039137,46.1267035304237,73.0807479965503,76.6601506023501,5.43456496640062,19.2494837374141,-13.4600256657341,2.05925119864098,-8.27618547286019,-17.1659466896698,-21.6822161174332,-17.4043873574235,-24.6293495750584,64.1583689118162,62.9923047300133,1.22205584711196,24.4235348474439,NA,NA
"6","1993Q2",1993-06-30,-15.3713427819864,0.996992144730514,3.13463247247557,4.87659178714244,-14.3070070082125,11.747511979858,-18.568998121721,-0.0177297383078983,5.29923536431837,10.2735368625902,-29.9340913537974,-27.7269547721971,-45.4542104534672,-29.3983948487562,-39.6525164211183,-24.0770144058597,-26.134485072675,-8.49838945707829,-13.3770761032528,-13.1089426765768,28.0548112392255,18.5178769957378,36.5013808305814,32.0318934462052,49.8624750379848,48.4148980276762,22.0564060665034,22.5914292181493,21.6012356278315,19.4468918387474,22.2559110250618,20.6000801372891,-25.299106060393,NA,15.6237799550293,25.1190090584498,11.2251833453883,3.38923397257051,21.9207170870803,41.7994109740234,78.6348998256231,85.414071371868,21.5839304641037,35.5725298268911,-6.21960230263332,-4.71639067223659,-4.36411562907178,-15.3001689320113,-20.7805636597235,-13.9892070278523,-24.170672180478,66.2107104568323,70.5316297746272,0.0689904515263906,19.280093949009,NA,NA
"7","1993Q3",1993-09-30,-14.2136956140993,1.58871058158995,7.46178239542814,17.5505715137119,-4.92859827649654,6.04590713499147,-16.2040039167577,-1.31239103196006,4.28943689169514,13.7316826171548,-28.3044963465823,-20.2802929856479,-39.8580641093135,-24.9941445882317,-40.6588563915112,-20.5757924754495,-13.5524255949304,-9.73202893649997,-11.8340409051488,6.04485163247274,36.2989060353607,34.7827336800164,49.4918018917466,38.785266863522,56.1231736351678,53.6521467960436,25.6146389148272,30.7761094041768,18.7999998841671,18.3560766041354,11.541123234543,18.0207889014186,-19.9945226598707,NA,20.2369394649537,19.9003732132552,10.9175764972688,4.89084957437882,23.2015958161062,42.5761160237635,73.734983856803,84.065578832293,8.25103828373895,29.8258571468815,-7.22844444359005,-17.727006846902,-0.45204578528338,-13.4343911743527,-19.8789112020138,-10.5740266982811,-23.7119947858977,68.2630520018484,78.0709548192411,-1.08407494405918,14.136653050574,NA,NA
"8","1993Q4",1993-12-31,5.01294571714466,-6.57968939473707,9.27235216594377,28.2216367363688,1.56806252237903,-5.8588862177444,7.06150344483894,-1.60169374139485,9.92885400682173,20.540746976744,-15.9319649946439,-17.6237623146014,-17.1057573683674,-11.7701202169346,-30.4088154421228,-28.0998831222621,-7.1716380717637,-8.9077088475058,-6.55587920743714,-3.20096359991486,29.7931291232572,18.3102990072201,47.5040378499808,36.5141307460579,51.354407284814,48.3362597799759,23.9707252884783,30.7653769309572,21.469208578254,24.842913508169,11.4102880025973,17.4744009601486,-12.9763388473873,NA,29.6669788138356,23.1494925519212,13.5653452090403,4.76845740628032,21.7354274293218,41.2727512112351,71.3433255423329,77.6618557330477,24.3869147595067,33.3726610688584,0.722889887013968,7.41360561581733,10.6676845305696,-4.80152307867795,-4.76054487105754,0.826094777727272,-17.5576868189825,56.4021729236903,75.5255617652996,-9.04579887354372,15.6106341628026,NA,NA
"9","1994Q1",1994-03-31,13.5692219383555,0.670704588819139,13.026416221221,13.8332109191165,11.396899125565,2.55522635183238,11.7971385899799,-0.0453713896720889,16.6911112783648,14.2061317648837,-12.4418337699615,-21.3462937781991,-0.412800002442992,-24.0115786928621,-23.8564990515848,-31.9512628559071,-10.6051332688614,-10.8737079052852,8.90557190558377,7.8555672646411,29.5666679269916,39.5314226883314,27.0436484269704,39.3265633319306,54.2284488170162,54.6532814254988,22.1629596367234,24.8066590441029,16.5627112017398,32.6351379817592,14.6188635859518,8.74488459304095,-12.3425534628081,NA,33.2705969721185,29.2242001513366,14.6675778694922,4.4902043798868,25.9813653922692,34.4850374759966,67.8347410672343,73.7835457885681,29.1007373096246,34.6665009169997,22.1341495806191,34.6586586328627,21.7874148464227,3.83134501699684,10.3578214598988,12.2262162537357,-11.4033788520672,44.5412938455322,72.9801687113581,-17.0075228030283,17.0846152750313,NA,NA
"10","1994Q2",1994-06-30,20.114738052415,56.2759693214753,37.7911914304251,50.7427433448006,23.981298748404,58.5564579726547,26.9610794963206,52.8483642080522,24.6664369149297,50.3982325972197,1.82145836402563,5.62118758146694,16.9517127174647,42.435879566106,-8.92388927316532,5.58761881645811,-2.74648973203768,18.8052276599865,7.83222088900536,16.7140341737142,50.8330172876445,41.05302863095,40.775117406872,47.2298175552087,54.3923888981177,47.6874016218521,36.2784238523905,45.4094064630377,24.4953941350188,29.7113279806106,14.92133550695,1.6660615168058,10.7985343761977,NA,56.1765290600582,28.2716729732143,10.9487581759886,4.38005467150552,25.3060411820892,34.192946496714,58.8443335710336,48.907889929496,39.7379349216423,56.7741557751968,13.366500770462,56.576061783482,22.3984201102714,8.51161335662304,13.0897093806492,13.2324882690146,-0.54835213299315,37.6711131156384,47.7956389512182,-6.5978751998907,15.5383039727399,NA,NA
"11","1994Q3",1994-09-30,29.6006824925303,40.8387133866125,42.4625089015636,43.2166186777349,33.9147542227643,43.3794092096946,30.2071148130169,38.5702272995963,43.1950983579834,44.1467424271271,12.1682844884665,13.8277969226722,24.984045811003,28.7312042430301,-0.392507308631776,-6.01383280594222,9.75472149674166,6.91877312817257,8.3716520497493,13.2417969332704,54.5648994979512,49.5065095923077,58.7530000700879,54.1397892663302,70.1694510905647,72.0630845716013,47.9483098938334,57.689921318218,37.6964863179862,46.748160055438,3.97536434791755,-7.19942096242985,7.78525348727415,NA,49.7715096691132,24.8292154627729,12.312173744545,7.78672305285183,34.5959666798498,36.7131932999763,55.2062654018548,53.553504966137,33.9769636834745,60.2574155913919,20.4320667153342,35.4633484967145,23.0094253741201,13.1918816962492,15.8215973013997,14.2387602842936,10.3066745860809,30.8009323857446,22.6111091910783,3.81177240324687,13.9919926704485,NA,NA
"12","1994Q4",1994-12-31,51.2183126903255,40.2965438154081,30.5554493215359,35.4422401973853,46.8994465776585,35.2403183430926,51.6592055614532,40.0416560289732,30.6052734236371,35.6764722682366,5.20186764471816,6.80420387604868,34.176802181937,30.7642829767267,2.24030443004769,2.49167212055588,16.9809774898453,13.0563764096264,10.2349509021891,19.4257782549151,53.1528960757817,59.5433208107429,52.5286126287345,42.6066296309154,77.0710437157721,83.2388496167151,46.8451329966353,60.1347377883651,39.7114775580228,51.9006434023129,4.07919241867962,-7.89002451850429,16.0586290729878,NA,58.4514119601107,33.3048640683143,19.0756368713699,6.44310791471547,36.7410682062303,43.7924200207493,53.7347192148078,51.1118198273521,41.6593762719436,49.3156900739594,36.2955813673193,43.3552489156079,29.9002602824537,13.8973053570947,21.9282106500259,14.5101490896371,16.5952762352626,27.009290469112,20.8277780398369,11.0175438515009,19.6405429905323,NA,NA
"13","1995Q1",1995-03-31,31.1907722928054,52.5072314716007,8.78034881429353,32.0012673671224,34.5452224376379,60.3717744887713,33.435346577407,51.874295340449,12.5193392788401,36.3151982930908,6.33505641596709,13.5313726121236,30.7900283422306,52.849092101098,6.50033861857745,6.56097618288683,11.9068676894267,12.453100613718,11.6931281111781,18.750934386178,59.1186595003276,58.6777060462962,50.9487522330507,51.6422071938108,83.298058984506,78.3384042317597,59.4723889693473,68.6482971572748,53.0406873841423,63.6820933207735,-0.354587767055773,-11.0248968484661,22.7434390897308,NA,54.809993656644,34.1428148501436,22.339309565534,5.99903461525166,50.1855069449188,55.5076038610161,56.3154944358941,51.472190143378,32.7678840902209,28.4436524849253,37.1024534041365,43.9767578956101,36.7910951907872,14.6027290179402,28.0348239986522,14.7815378949807,22.8838778844442,23.2176485524794,19.0444468885956,18.223315299755,25.289093310616,NA,NA
"14","1995Q2",1995-06-30,35.4162875542795,27.1637267905049,21.5406457208169,22.950515289109,48.4515780531702,29.24588186187,37.5777421480705,32.0849316509157,20.8954595179929,22.5270016628975,-2.784231342763,-5.26296412086174,35.8011209446318,22.7078183533657,-2.14900660617132,-5.18653628192846,18.9957807401492,-1.03201264534707,18.1808244644044,17.8510681472243,58.8088009223205,47.8630019483838,49.3648986846772,45.6900233892003,78.7610017825436,70.9479211277084,50.4030976677107,51.4821060985602,40.3444369331481,34.8466647376747,7.32709764833349,-8.7394772380858,12.9672982981989,NA,62.9890662496794,34.9827123763832,18.4049474397949,4.21275792069606,43.4654097028831,50.1854506018497,46.5950778086474,57.7647190045231,43.4028529036097,30.9297609857289,30.6419872819345,16.9066161613211,26.3524144265235,5.51241561899158,9.77411335973701,12.3034364039129,15.8211615508189,26.269442436302,22.3975780941671,18.823248229224,24.4753238985387,NA,NA
"15","1995Q3",1995-09-30,24.3256755347764,18.3008271106798,7.64891973359544,15.5954841771035,36.9338390161169,30.3499694282761,18.0727917558687,15.4963559976779,14.2512873566683,19.3852347223075,-10.6567086524548,-12.3976894954155,11.3232548762049,6.965550381102,-8.79136756759196,-18.9454518126839,-7.71846891220828,-4.49175641590261,18.6619663745997,17.5694695365073,52.9374967974814,44.5418702737911,64.3705320974478,47.9104091672732,85.1856971119831,71.0836386346108,68.9144443546329,62.4435040315273,47.2160440401601,49.3056706708106,18.9565429934099,13.4122065166213,-2.02663404535488,NA,56.1048643414372,34.430629208421,12.7790286768964,3.75872370751535,31.4576889379996,51.6063938219662,51.5827302424321,59.5368209679418,29.3310827209618,32.3299159036941,11.0227749537597,17.8142056950543,15.9137336622598,-3.57789777995702,-8.48659727917815,9.8253349128451,8.75844521719353,29.3212363201246,25.7507092997386,19.4231811586931,23.6615544864614,NA,NA
"16","1995Q4",1995-12-31,19.5701405976966,13.952662539237,13.1233180039096,23.9673244408585,21.2502615215239,17.8331360130235,18.8210455650086,21.5988571849778,14.3603636920786,26.8893868766879,-17.9294600554341,0.299561979859499,18.1698971237322,18.8817762133261,-18.9610536457239,-23.7218788243425,1.2293386351143,-14.77759035529,21.5491513914857,26.6356921870927,38.965691742851,40.0667189821905,43.3402519756342,34.5227223632372,58.843483839563,67.058291004518,40.3297433932827,43.328599444697,14.6127760121337,20.5686112623781,17.2704801263553,11.2187513960418,-7.57247070711557,NA,63.6295411657365,30.7216281144034,12.6732342172981,5.59875877093081,26.4932983943814,48.1701756216155,52.4696877455549,55.7884960089325,40.5378024480469,33.5074456872423,31.24574488262,24.9004629250246,16.1745776323544,0.746644049789842,-10.4007738713276,8.75374448075358,0.848810370216897,29.062235301419,26.3562122096396,13.3461592337537,23.2393119647675,NA,NA
"17","1996Q1",1996-03-31,20.8633681464568,26.9704642802387,5.46938156033363,23.8814976216833,26.3271947781429,27.7637622351401,9.09616601907204,28.735748028191,6.36575309513678,25.557074168787,-14.0459816324357,-2.53022646657445,-3.50667808696628,9.61718144704984,-30.3625642054513,-15.1375639608683,-2.4661789239907,-5.8025840426895,9.90695362004768,15.8547834991043,41.2471974238432,40.5692833783078,50.7523951485284,37.7332074991424,69.7922220036857,72.1998834961921,52.26873783762,48.3409280539101,29.3134608697354,31.1120226468988,21.9593299102191,16.0249491067007,-9.62218257894851,NA,53.2232642609628,39.1146310258813,19.3842969410054,9.61592965980887,27.0193072742456,53.898247780919,57.2507553974315,54.2770236241974,23.5564845861794,24.1643583410945,19.8945666547414,3.02490528351139,16.4354216024489,5.07118587953671,-12.3149504634771,7.68215404866206,-7.06082447675973,28.8032342827134,26.9617151195406,7.26913730881432,22.8170694430735,NA,NA
"18","1996Q2",1996-06-30,-0.495071264636046,5.01763686850843,-1.99216467734744,13.9835165339503,-6.96658290830253,6.04090473846393,-10.5169468371261,-1.72271198733264,-3.37641735969918,8.30561961767973,-17.3829571629731,-15.2803253549636,-24.0556635233232,-24.1050190234612,-17.1654058186238,-19.0821851990949,-8.60722175157548,-14.4845455665243,8.51369107540571,11.1375521130448,65.8729827119205,65.8763569840715,60.8148910036814,63.4827295355443,72.8950828315533,75.8342447246048,41.1604267932433,49.3769359715325,29.4404479022416,41.5756169487003,23.0259845911048,9.95956818126756,-21.2577974670886,NA,41.3235430706735,45.3883108715743,21.340326583927,8.35739126067575,34.3477448374117,69.4311029399666,67.9686441030682,69.3855996232409,9.13231852532392,20.9638117929262,2.95026461298378,-25.4493741117656,18.2546292827046,0.48285079702138,-16.1296827999485,5.28760164911614,-5.19712164125735,33.7919887928635,38.7225769243742,14.0796739156682,16.1794155466075,NA,NA
"19","1996Q3",1996-09-30,-7.22370726722072,8.88514820561697,11.5488080057542,10.7910928909696,-0.303765720884044,9.94467558681224,-7.23981483218588,-1.6257111848725,5.18116971650079,8.03939892327625,-19.57599038727,-18.0392473401327,-41.6455848557908,-27.6909149983126,-19.7965346024679,-22.2041194551797,-14.2463107660615,-12.4892263646513,11.3952696311915,8.1627391316174,59.9875648189026,35.8799105160975,59.2860951714771,38.722838797023,65.3235200018908,50.3881633489473,36.4125146805483,33.332477173268,14.7933189978168,19.3370134517308,9.71088580871544,13.7276561507911,-17.3984647796945,77.4473277959427,28.0671163427986,44.4490230778089,20.3461561716868,6.01078876783837,26.5850748066316,57.2386030550979,63.1815036394797,69.8692808957684,8.16926571296128,31.7231158576544,4.85732417483324,-26.3433853007631,20.0738369629602,-4.10548428549395,-19.9444151364198,2.89304924957022,-3.33341880575497,38.7807433030135,50.4834387292079,20.890210522522,9.54176165014143,440.686613107324,572.673483015968
"20","1996Q4",1996-12-31,7.65836644678185,7.27487091725132,11.943795695391,22.0826906059378,20.1218629206687,20.0001382357895,9.37969388879059,-3.43483876742169,8.90455215788321,6.54488695707374,-15.9363322545388,-20.4148653840101,-16.5767814262441,-18.3434182756067,-16.4067725896205,-19.8605697217303,-6.03480885324221,-8.03242937307782,7.0143411323883,13.9955297033282,44.8464933957721,53.4183273567878,46.7594745192121,50.4212975011408,70.5982076996596,69.6211328402773,38.799386889497,47.0367356511395,36.8263121901638,43.7105945430754,23.0904978650643,6.23637962281528,-13.9344056326894,69.271231201122,48.8587011858329,53.4635333705123,28.1378087537106,5.49218018546724,35.8642595958072,56.0046610377532,56.4838179904909,65.3537801270882,11.4518561160887,41.0610038173956,16.2110705176619,-18.6658287306086,22.3957023172896,-4.34263680797465,-16.7415665543562,7.94493843353117,-0.512972832506995,29.4583536718008,37.2086740002023,20.2264929567861,4.82250363550665,407.061653760231,577.950506058434
"21","1997Q1",1997-03-31,25.2977662674567,37.7397489342003,26.4322914440145,34.8741815065771,28.0932136165822,40.4801005279336,19.6118833335914,30.5452620237054,22.1729380611869,29.7625949996476,-21.604069718492,-22.7426881385381,8.32513759570464,20.7888629234629,-11.7492669707793,-17.5137112076518,-9.72229023025713,-2.25726573861884,16.2390426201628,21.9641718923224,55.0800326065482,46.7645400472347,46.432433976684,44.8582989164815,74.9999399966588,54.9774549510759,51.8296606294096,41.0719869857042,30.5857735978988,22.382921686985,24.1292003465049,5.03522735867789,-14.0397841389119,69.7238863027419,50.138094435729,49.9356023674925,20.4501080002731,5.2787573562784,33.0057980274239,57.3433950896554,52.2929378977925,59.3045330730288,22.2241425351187,47.4444371521664,17.9518970863357,1.41965832895724,24.717567671619,-4.57978933045535,-13.5387179722925,12.9968276174921,2.30747314074098,20.1359640405881,23.9339092711967,19.5627753910501,0.103245620871867,373.436694413139,583.227529100899
"22","1997Q2",1997-06-30,4.81964258805401,8.9330136272116,5.80711977924407,6.8456593581293,11.0110399069119,12.6880451349498,3.05178198104785,5.65956602090476,-0.0983884142850009,3.59659303357255,-21.9989941331279,-12.3883118547425,-19.5825032686716,-16.7792072500097,-22.362855633528,-28.2304324356884,-0.281906112014858,-5.69617206357717,9.39108785135878,11.2040771284873,50.6908834771498,48.99221457303,28.9806205061231,40.9943917046123,65.0635001555414,52.7564896365162,33.8247772658083,28.3681330755686,25.9536438232226,25.9628382433682,23.9056728578773,30.1729361486532,-21.1105413244812,72.9265118091176,36.1592230467857,50.9677950850652,27.0750295117015,6.5910749119046,31.6462546850132,63.1237200348068,58.9676265702655,63.2051695402706,8.3928307254856,18.7655782854397,0.896409219158254,-18.3695018948758,14.8307671588562,-5.86779128797515,-19.2689525439868,3.53798874594231,-5.52174849132847,26.882074765994,26.6850922329645,18.9523698630867,3.29614396114032,362.944243758077,586.104393973954
"23","1997Q3",1997-09-30,15.2469502233164,9.50507400508444,4.03683687885308,8.83284983589424,8.77310259910256,9.68152154415039,11.6820457649584,8.71269932235855,1.31674124529629,3.28576502954206,-30.4733149537908,-27.9754437562888,-5.90931707226903,-4.88769386280182,-23.2430265540748,-35.2616869792719,-7.07449889716267,-16.2194872729444,5.59200077330284,8.22685229495446,38.4278578903052,34.7685001012842,57.7723995931039,44.8893812447563,63.6793565879177,46.0201830453609,37.9279033234835,34.2769000634132,27.713740272651,24.5229111319762,21.0160734433096,25.3765691835914,-15.8212727793249,71.1981260575224,43.0089961533581,48.6047493304384,20.60643765097,7.12435379894464,26.0758683175027,56.5939478512114,61.350634802898,58.511324068941,18.1112847254668,24.7136430015159,-2.24664726457049,-19.8749349607925,4.94396664609339,-7.15579324549495,-24.9991871156811,-5.92085012560751,-13.3509701233979,33.6281854913998,29.4362751947323,18.3419643351233,6.48904230140876,352.451793103015,588.981258847009
"24","1997Q4",1997-12-31,-0.763616422638137,2.04753928113788,-0.665453621804731,8.83520014067651,0.902712143093488,3.58896612043223,-4.0610474282399,0.211612809179874,-5.49322601265661,3.27674566972721,-25.2240853454026,-25.0520340633587,-23.135505324686,-18.7919154083678,-31.5527928774235,-35.8664715318092,-14.1936328223838,-19.0064596017581,4.62908472280903,5.25926569734854,36.208723621895,31.4022669832366,50.5511170171683,43.0887419354476,63.3808161689199,52.7121748345462,40.6270061694286,33.4925014266382,23.049909255536,16.501740139575,21.5731683966741,23.0714152788156,-16.7327341987567,71.6093141112401,39.5209394605962,46.9456012180568,20.4495814482487,6.05461800690409,26.6720042825339,54.5209265005379,60.8819225653525,60.83911881332,16.6605148003272,18.2009788044176,-4.91565667875988,-25.0832585863673,1.26289574798733,-12.0731513033335,-23.3386603376297,-7.84406515607918,-21.3265814849333,36.7772203156024,32.1874581565001,17.7315588071599,9.68194064167721,341.959342447953,591.858123720064
"25","1998Q1",1998-03-31,-16.7741830685927,-5.40999544280868,-5.36774412246254,8.83755044545879,-6.96767831291559,-2.50358930328592,-19.8041406214382,-8.2894737039988,-12.3031932706095,3.26772630991237,-19.9748557370145,-22.1286243704286,-40.361693577103,-32.6961369539337,-39.8625592007723,-36.4712560843465,-21.3127667476049,-21.7934319305718,3.66616867231522,2.29167909974261,33.9895893534848,28.036033865189,43.3298344412328,41.288102626139,63.082275749922,59.4041666237314,43.3261090153736,32.7081027898633,18.3860782384209,8.4805691471739,22.1302633500386,20.7662613740398,-17.6441956181885,72.0205021649577,36.0328827678343,45.2864531056752,20.2927252455274,4.98488221486355,27.2681402475651,52.4479051498644,60.413210327807,63.166913557699,15.2097448751875,11.6883146073193,-7.58466609294927,-30.2915822119422,-2.41817515011873,-16.990509361172,-21.6781335595784,-9.76728018655085,-29.3021928464687,39.926255139805,34.9386411182679,17.1211532791966,12.8748389819457,331.466891792891,594.734988593119
"26","1998Q2",1998-06-30,-45.6082106185974,-38.4758494284829,0.408839799670365,-1.92111116344219,-30.2943043396607,-20.6703414972264,-49.7865776484239,-35.0716391333879,-2.96243716004965,6.68699005574076,-47.4659509730599,-41.2099032356816,-67.4482600507736,-59.4240948613495,-49.451470737331,-44.6872604324901,-32.3308480341893,-28.6615850141532,-8.65032783792636,-2.66358541976484,39.8340690718719,40.0281022085971,49.7427080605058,59.1628500727957,52.8307648018606,49.5936943587539,13.6022709796144,20.01899971639,-5.79872700574509,0.336537235987115,27.439195476162,34.9623704740329,-27.3815825042443,73.0243846025625,15.9576344674777,43.5272382003245,18.1855362386174,2.77399876125249,24.8037345656028,58.8940471928891,72.1852933172444,63.7410363819605,8.69097710146295,20.3049191537948,-17.2614451238701,-39.299386600844,-7.41865318840417,-17.2934936208194,-22.4070083614833,-23.7379793396146,-39.6293241377817,39.7265146097875,34.8123226911008,21.685513591404,7.83474333203057,NA,NA
"27","1998Q3",1998-09-30,-40.2808849158464,-40.6776864069068,-8.47215832215494,-11.6356270967953,-36.8099723470735,-30.8281990619873,-49.9981736790379,-38.8780561251439,-19.1352438527524,-14.5302312703588,-37.1686974361003,-40.4761341367907,-71.0468070242453,-69.1103427894779,-44.3839525417828,-54.1022427532684,-33.5548283170408,-30.1654090526276,4.84290814787061,1.61783813458337,56.5240929434262,50.211779498103,58.4967509545186,51.694527083349,64.7679649662565,64.0384900736764,38.8338404930635,42.0087216670898,19.8807294479154,20.1486942988377,20.1684808272182,14.9995625855811,-31.3138516975841,70.8204576031283,13.4513878214013,36.2081717345696,17.4828851028878,6.23813670573964,27.412746739505,76.7489703733807,68.1541025969432,69.3955925073112,-21.6125808590545,8.56273815625357,-16.636246802941,-57.7060749061694,-12.4191312266896,-17.5964778804668,-23.1358831633882,-37.7086784926784,-49.9564554290947,39.5267740797699,34.6860042639336,26.2498739036114,2.79464768211548,NA,NA
"28","1998Q4",1998-12-31,-38.0716927523892,-39.4397312444495,-0.532363824784747,-7.6608378622409,-21.3942284710265,-34.5859490397679,-34.6590129602326,-36.1168874300183,-7.10069798534612,-14.3391603683489,-27.8725404610799,-37.4667356022687,-63.8264503865616,-55.9829724757483,-42.2068273767883,-40.1036414952826,-34.710099883249,-36.0825432028295,-15.6539510155704,-12.7980649793641,28.6674145878407,33.8285792310493,40.7994927962634,38.3036552480894,52.6044222243895,64.2718507629886,21.9515602156309,30.6095938469223,6.10392644244484,19.1500691116904,30.4084880288511,31.4388701037073,-32.1933789551018,78.8982584503579,18.2531796866392,37.1783305173785,16.2984924377384,7.08954956549003,25.7099878135697,82.8692384580072,71.3975043636092,68.8184617822184,-17.1824288407566,9.94570580231897,-22.4554290061553,-42.235457765685,-100,-15.0860176683076,-21.7447633194525,-30.2021912627981,-37.6486071131713,47.2595315568447,34.5596858367665,30.8142342158188,-2.24544796779961,NA,NA
"29","1999Q1",1999-03-31,-31.6173916380695,-20.795023039942,-25.46008570676,-10.2769977797831,-25.9231449483441,-16.7578019931695,-33.4026451583873,-22.9002759893101,-22.5407504184697,-13.4418810401461,-43.0062732472111,-41.8226688513156,-64.1996375450522,-46.1962788587213,-42.6845553290044,-27.5547752018689,-34.6431948574604,-32.2436330141025,-9.52466907974449,-5.59797171739392,60.8041450529125,39.7126328168885,52.1301423902447,36.6430665256168,59.7897851437852,43.1867233557367,36.6158202293712,19.9544802503723,23.2205143254981,13.0535516926924,33.2277107345697,31.9896357024751,-31.9374093494387,79.8559111690904,15.2327504272289,38.5958994617954,15.6517548748979,4.84175540590723,15.4823237352427,67.1787317747749,74.3741973614858,69.8918847467889,-0.503744689308422,7.11549472255046,-18.5558571462895,-29.0960122073024,-3.9629401542355,-12.5755574561483,-20.3536434755169,-22.6957040329179,-25.3407587972479,54.9922890339194,34.4333674095994,35.3785945280263,-7.28554361771469,NA,NA
"30","1999Q2",1999-06-30,-41.3909898747146,-28.8796592148377,-17.6757632822673,-9.07055597013295,-25.6431175500698,-16.8936832227078,-38.2422623622566,-31.5100934345302,-24.3266806703771,-13.5253936654689,-25.4476981904706,-35.6545534338321,-56.7842487706337,-52.741148668829,-47.0165197872166,-42.4207591396118,-25.7475768910324,-24.097747174833,-11.5121195482026,-9.03173031399416,38.4981500196852,36.5030745233562,36.2522750914453,45.525962075948,52.2308733697902,53.5676105876371,11.8851344644476,23.3663315967989,5.32161297362924,16.0983542186836,22.4954478191129,23.0447718229244,-38.9065926010044,81.5685658893924,16.0319814341954,33.7319859423554,12.7125222283404,4.55801105772523,20.2050599550529,76.7746023138815,80.0096573094966,62.9274267102331,11.4712893492825,26.9769662817801,-9.46821852900915,-6.37322065017812,-1.51264344279127,-14.8017179654666,-19.6568476861705,-21.2617555513064,-29.1652931709196,53.9222448973971,12.5858926758157,26.6545775427059,-7.39113335177334,NA,NA
"31","1999Q3",1999-09-30,-14.253085159304,-4.07417843551017,-4.04084250768443,7.84932977637783,-2.36219257681277,7.4865744203169,-11.1749240265843,-7.60089804832405,1.1268135506946,6.56435683065017,-22.1657090981723,-24.8966276783395,-42.1860141650508,-27.8169982284438,-35.8616334548949,-39.4578197093725,-20.794813525148,-19.6988024386588,-7.33372185812785,-6.27095195663811,46.3380672733643,23.7628706016001,58.6854779630976,27.0258732574748,58.5760595044355,51.1034701062394,16.4289611493026,18.9178417364864,-0.776900954397222,5.28099038440438,14.4592076104737,9.52774744970938,-18.2723583394058,68.754669355644,28.8250461379583,42.691888431369,17.5266602193866,3.79394717961137,29.1579039707944,58.0849073268403,76.9658894217783,48.7089546951818,15.2609081530406,28.369246955996,-10.5440472309946,0.746828305697546,0.93765326865295,-17.027878474785,-18.960051896824,-19.8278070696949,-32.9898275445912,52.8522007608747,-9.26158205796797,17.9305605573854,-7.49672308583198,NA,NA
"32","1999Q4",1999-12-31,3.68242331907567,7.93465528049764,-3.46107381497849,-3.82942114650327,-2.34133883455294,10.6528736587419,3.17877904629395,6.39375874250725,-7.84717252757845,-10.0830427136309,-13.2173770624723,-21.5645143680504,-13.3922259233359,-1.89194607949752,-24.1924140664151,-20.8930811445481,-17.9282037063405,-16.138679346382,1.40322744729477,6.38773549203965,58.5234759440989,51.3909580815488,55.7067772482636,49.9615145330789,59.1438303536686,57.3820559127388,28.6342299208831,30.5103107452903,18.0721278405571,17.8178467826739,12.3796290553279,12.0344319380032,-23.6430259799276,86.0917182479426,40.0762984801337,42.4284935757362,19.9726702742143,7.54916005516594,28.92446225623,46.0648350814843,65.9917962239499,45.5931535404667,34.3919967433268,36.2205323519707,4.97430118975286,25.4480008480881,-0.0704270246551096,-16.1369069320203,-16.2125374193636,-16.4060433406022,-32.5420851124537,53.3620423030034,-2.40723954709209,14.3211444508897,-9.06808131408823,NA,NA
"33","2000Q1",2000-03-31,5.38999644800292,13.2011152985628,-1.70059828858545,4.0472163728543,1.22277835853215,14.783512658274,2.16044718767122,10.0819936079022,-1.02905549774542,-1.16245066732263,-11.655087424241,-17.0431193795007,-14.7838984381021,-0.0405073933453957,-27.2918295315807,-24.4418385838126,-12.1427989234893,-10.2146030731358,-0.0933499622660106,5.49133260954641,56.9084245228633,53.3502573174788,47.5525806373469,50.8776304798256,67.6978393391705,66.129080548978,30.374558814999,35.0200487926537,22.5640901837545,21.3407546919821,7.58813630160478,13.5138512189074,-17.8997766170462,78.6706253226869,36.6206004814998,43.5824044126041,19.6610614054873,5.59954347529083,31.8708856539432,44.9246328715126,67.0213361255538,53.2118093428399,24.3577409949135,33.8803134298953,4.98008103442998,16.7392337724134,-1.07850731796317,-15.2459353892556,-13.4650229419032,-12.9842796115096,-32.0943426803161,53.8718838451321,4.44710296378379,10.7117283443939,-10.6394395423445,NA,NA
"34","2000Q2",2000-06-30,7.09756957693017,18.467575316628,0.0598772378075917,11.9238538922119,4.78689555161725,18.9141516578061,1.14211532904849,13.7702284732972,5.78906153208761,7.75814137898564,-10.0927977860097,-12.5217243909511,-16.1755709528683,1.81093129280673,-30.3912449967462,-27.9905960230772,-6.35739414063803,-4.29052679988961,-1.58992737182679,4.59492972705317,55.2933731016276,55.3095565534087,39.3983840264303,51.7937464265724,76.2518483246723,74.8761051852171,32.1148877091149,39.5297868400171,27.056052526952,24.8636626012904,2.79664354788166,14.9932704998116,-12.1565272541648,71.2495323974311,33.1649024828659,44.736315249472,19.3494525367604,3.64992689541572,34.8173090516563,43.7844306615409,68.0508760271577,60.830465145213,14.3234852465002,31.54009450782,4.9858608791071,8.03046669673878,-2.08658761127123,-14.3549638464909,-10.7175084644428,-9.56251588241693,-31.6466002481786,54.3817253872608,11.3014454746597,7.10231223789812,-12.2107977706007,NA,NA
"35","2000Q3",2000-09-30,2.45254722487282,4.04747380350125,6.62377876935017,6.68887971377045,-3.70185948355924,-0.72432921462141,-2.09185322407341,-2.77442025921572,7.4267305930455,2.89529027275185,-26.2128435653025,-27.6620260876507,-9.93134547942115,-11.7849419135311,-36.4483896188756,-27.619669927339,-28.7003163310197,-28.3945397664004,4.96362162951144,7.66087728705156,55.5999140924236,47.3590986653116,51.3141373695443,39.5297597234721,76.0157909314309,65.4980579751899,37.893931815618,26.1858489306888,18.3481338693501,18.7691451262183,8.57443144396811,13.8556447820961,-18.6695403376306,80.8764603609748,27.8512681745555,38.5791629224471,17.8649911039833,2.58194357411935,30.4439605090487,47.2696680650124,73.8969556494329,52.8263754273412,33.163679727317,30.8057781057993,-13.2883787751595,8.57682600874398,-3.09466790457929,-13.4639923037262,-7.96999398698232,-6.14075215332428,-31.1988578160411,54.8915669293895,18.1557879855356,3.49289613140235,-13.782155998857,NA,NA
"36","2000Q4",2000-12-31,-9.25650295237584,-1.93565941473452,-18.4005271745133,-0.511688657584994,-1.39763590001728,-0.939973790341754,-12.8583010253175,-11.678886100117,-8.43961767170389,-8.78504113393074,-14.5337754188298,-20.0750067242732,-29.8591170424024,-18.2483054129199,-37.3121027509117,-32.6982326499039,-23.6227976441969,-27.9999988836783,-2.1721385209026,-3.64125794863414,53.4172909803614,39.3058937519325,46.2100814733171,30.6597435311016,75.4113533412695,72.9528484810591,32.7269028077597,40.0251842230085,25.3950435325489,26.4495633365354,28.0072661287293,22.7267217242964,-21.3753122898898,83.4409659693424,23.867018897622,47.8313289793949,18.7632400736594,2.44193196151271,34.5970703519412,46.3212611929944,74.4671706971686,66.5325290034259,12.2924054761301,29.1267772765171,-5.07398348604119,-15.733909119786,-1.19298813509751,-15.7951050239364,-12.4837804427533,-3.55254906917113,-30.4443170056534,53.1506164536446,18.0938167977206,2.75300999757283,-13.8601545123914,NA,NA
"37","2001Q1",2001-03-31,11.6426052839853,13.3105302864059,0.268543722339621,19.909072040971,16.5321728021013,21.2613791200326,9.85429632720511,20.0780802369981,-2.46468528742049,18.4286065522899,-16.108614436982,-17.9831541788538,-1.91975197629984,5.39617172216879,-18.0719643914601,-14.7032895162274,-8.08650888443863,-11.9460736173196,4.43886319464458,1.31109421833726,48.4929825947512,43.4715745941735,38.4458872699299,35.543467448958,83.0472183405532,76.4449142881494,34.9055603834396,32.2244534236551,33.0869818668209,25.8400867923807,14.6660803494143,12.4920906555463,-16.2696242730011,74.0737562086687,35.7409991459276,46.6441658269267,22.0382131799696,4.60753845644553,28.0925109575684,42.6461615657048,68.9271377838175,56.2610981878866,21.7506897399027,29.6462690969778,-8.76129164056215,0.516841672587273,0.708691634384264,-18.1262177441466,-16.9975668985243,-0.964345985017986,-29.6897761952658,51.4096659778997,18.0318456099057,2.01312386374332,-13.9381530259258,NA,NA
"38","2001Q2",2001-06-30,5.92186210324196,19.2909872813362,4.95399964797784,12.1517261845153,9.14126103521456,14.0988665247298,1.3375378773677,13.838248742188,1.0901222273905,18.184708019125,-17.5003742692028,-14.1784701103949,-16.7908903098781,-0.930429256307094,-33.351568829583,-36.0035832541681,-7.01984706733428,-10.312856565199,-5.14727536821041,-11.4999710475029,56.4085157671924,54.9469789894353,43.7168571325245,50.2457458201122,70.3491799193361,68.2395164752111,36.6861819969826,43.3541491158167,26.5456325481689,23.5348503590034,13.1243995670414,20.8578612478226,-18.4192962000085,80.3579954170305,32.5937367213718,45.7335387661608,22.6535085543999,3.19975691177487,38.0555306677604,44.8873976819371,71.1850685274882,56.3558973463958,12.7331630968707,25.8832428277537,-14.9313833938931,-11.7680629833595,4.40282847136519,-12.4029512061389,-20.3395666936317,-3.30808636500047,-21.3602946384849,47.8723735834849,23.2629423648886,0.223390829835404,-15.0204043686442,NA,NA
"39","2001Q3",2001-09-30,3.6765510385525,15.541709155864,-8.89130669400197,4.54731409230069,-2.14331310351757,14.8363037722248,1.90079516209846,14.8220674268585,-5.76398941069806,14.2481451351201,-17.887274924113,-9.99853002327814,-14.4416448646562,-7.57671337806819,-29.8741477081653,-19.1728879109285,-24.6108577542824,-15.5475832942517,5.11174589299892,6.35412118934154,53.1324422952658,44.2041051759381,55.7776754773,43.4315757553937,73.1942230890034,61.4880402376637,39.7960346573305,30.0215869985635,24.9836932912847,23.0654429163144,22.9032071966962,11.1854193962483,-11.171263560051,78.4381662149213,33.9172693685463,32.6094705881761,15.7363577626944,3.74512733601897,28.4508441282334,41.1170614641042,66.5755916577791,61.4089057761569,14.3950177178918,21.7360639849521,6.07314615254425,-2.76916626610844,8.09696530834612,-6.67968466813125,-23.6815664887391,-5.65182674498295,-13.0308130817041,44.33508118907,28.4940391198715,-1.56634220407251,-16.1026557113625,NA,NA
"40","2001Q4",2001-12-31,8.91087942150491,-6.38759294258513,18.5733987068881,1.3228679256805,11.44846212072,-8.48701628123212,5.974068473238,-17.3477944161292,14.2160875012613,-0.249364962764973,-10.8609691818041,-17.1500757975651,-14.9656030308784,-28.3799502389095,-23.0397817723534,-37.6031455969331,-4.58283614883048,-23.6473962646773,-8.98753556482331,-8.26680110000712,59.5431890034908,58.3943234954691,55.8736450419208,43.8103141164978,81.0702976103599,71.0983923154801,43.9465601803049,47.9601341566571,41.7991064427328,40.4643783960738,20.255214669731,13.0394878697764,-6.98253708879008,73.1501617424328,36.8379899956718,40.8282725097918,15.9535427289659,3.9866819091559,30.7562200382103,40.0130623548838,69.0252411493761,63.939984227244,0.277741891496094,24.8563297485997,-19.3495559989191,-29.0818860972602,13.9637120457796,-6.4532802918427,-13.0457837336035,0.188710518583278,-2.84803599646641,30.7567734533977,22.7639778770871,-0.674542350264741,-18.762311901066,NA,NA
"41","2002Q1",2002-03-31,36.6896480308526,26.8189963511827,34.7706446981679,32.7016480559877,40.7348287932231,32.0574611765867,33.0575837747659,19.5094581181499,31.1128989240944,27.0161915744062,-0.468932905724866,-11.8083959448603,15.614024106576,8.11974897955227,-1.84508059067668,1.40488758341989,8.82817081857979,6.60299475807319,16.0290442487321,17.8913330286075,75.9455307131923,66.5258181685533,50.5250730695916,54.0015682850028,98.032103913826,86.7496889160534,77.9428587110499,65.1107713827529,60.444136467362,50.8840943967245,7.4653959541905,-7.55293597998068,-9.82931909321786,60.903209211205,58.0215891430159,47.8511413778551,22.7002665389039,3.67739511632471,44.388530265037,47.1522142003516,47.5351882317524,51.3698137484216,3.26941162502636,60.2765935444986,14.7729522560692,4.41798799914506,19.830458783213,-6.22687591555415,-2.4100009784678,6.0292477821495,7.33474108877127,17.1784657177254,17.0339166343027,0.217257503543028,-21.4219680907695,NA,NA
"42","2002Q2",2002-06-30,39.1706545120919,28.1467887127375,23.9944733990862,16.7393676367639,36.1692279564389,31.716556215076,37.4149784485502,27.8606750131283,15.6268028056693,13.7691812027376,-6.29777092057464,-11.6395232139746,21.9889255883369,18.383135445378,0.122254602222772,-7.1095903393791,1.69045104693482,-7.70609745373249,12.7323810992209,10.7196692373948,76.4845434362247,65.1667259159711,53.5657084135695,65.171239785341,90.430079155652,72.3953563511776,70.1013439335277,49.5552362016575,45.4462516424187,28.5341885678076,13.1934949213239,2.16834002133191,-1.43283266683737,60.1126005899971,65.8121125537435,46.7822045626711,24.4803368103368,2.61825549857179,33.710645492772,45.9256319718082,47.6473078632287,35.955094925473,16.7375230892647,33.9598387907075,12.2117475120498,10.6734835092416,18.4231111678473,-8.53236282268398,-3.09623946588427,3.56736335177859,1.42209924997883,17.7709038408377,13.7972616191327,9.89187002400945,-15.758302475895,NA,NA
"43","2002Q3",2002-09-30,42.4154443644373,33.6709345477109,21.6132528249874,24.4864179239053,32.8188432023021,37.6620222068792,34.2495335522826,32.2695361068035,13.8635926483432,18.317995797513,-13.4223422603695,-11.1457008674019,16.884403222069,17.4845817482487,4.98471107152595,-0.297963948118054,-8.83173278944545,-3.18972328413764,13.0610281529953,8.9999337897732,72.7344916697242,66.092878436953,65.0503092458735,50.100432181972,90.2752653007965,79.0816322492189,65.3287827383582,55.1778137113202,45.1610612778607,39.4055120026748,15.6528279774948,1.7373340173539,-14.0169432399086,63.6407720924781,63.16555176828,43.961754120464,23.7410863589366,4.15221723736649,39.0363446795099,55.1760772296737,52.366331334802,50.4833486475039,14.4482211213886,42.6666570994235,19.7774905667084,10.1351820060014,17.0157635524815,-10.8378497298138,-3.78247795330075,1.10547892140769,-4.49054258881361,18.36334196395,10.5606066039627,19.5664825444759,-10.0946368610205,NA,NA
"44","2002Q4",2002-12-31,47.038571626141,17.0412909785273,20.4070304536942,16.4174657970998,39.9231371175612,20.8627042820994,38.8062164352268,9.30760309247282,16.5698259919324,17.2040930821147,-3.64860558976257,-9.50410421827226,27.861574559503,3.89155315380794,4.25224205316877,-8.68389428140378,1.72107857822691,-7.87062954116724,21.6102407464463,19.129970811675,71.6515391947212,66.0399273101304,54.6790849270248,50.7948107373351,82.911059025286,76.6916340367542,64.4689389084137,68.3238975661501,43.134589380284,35.289452592803,11.4761297969988,4.93947532933914,-3.77032267809701,57.7656925257532,61.9599299903815,50.4441136212588,24.0816864769348,5.03466674631788,41.3953579102567,58.8611922604921,49.9393245226655,45.0233105598252,34.6529988939981,44.1838369282964,22.4995730412711,8.86877403451654,13.6610155134108,-9.03615365894105,-6.31161537108953,0.900019999689312,-4.74297586459031,12.8396892515101,-4.73562628440318,14.6205346673925,-16.3953268533919,NA,NA
"45","2003Q1",2003-03-31,28.2093927765884,25.5593395141305,3.66960841016313,0.606686980546375,32.093258223644,28.0847689303219,21.8539382560559,21.1209269964751,-0.629077392927938,2.41527124270082,-6.55352291806166,-15.7493950076199,13.5822271115532,4.77210468611451,-2.7486999672885,-5.38968701554233,-6.26156533884573,-5.48226318117951,16.7267056580119,12.6397924013475,49.4963360109031,28.5463333045807,47.2308781901407,33.4060547755447,43.7507683248555,31.7515003802573,43.3573616561659,34.7955271823796,8.4946878896784,-0.522013340163358,13.8070294128894,6.07108587755655,-14.2303205914336,66.1416096834088,59.0552128556399,43.4139607498052,23.1856863829246,8.48809680640954,37.0260843407638,55.4844748161568,50.5504388879652,39.257933796277,25.4804239878007,18.2843353871752,13.6650329076869,17.4565826842679,10.30626747434,-7.23445758806829,-8.84075278887831,0.694561077970938,-4.99540914036702,7.31603653907019,-20.0318591727691,9.67458679030913,-22.6960168457633,NA,NA
"46","2003Q2",2003-06-30,8.71900983305133,-2.31905407421294,-26.7877471532102,-23.0127878275214,-4.0356204286118,-11.4549014936109,-0.26933525181053,-4.18416568310143,-26.2159680495691,-25.3819197360871,-16.9505214035845,-20.3851694981092,-26.4511158034724,-27.8006597591358,-15.9869714378285,-17.7606386558083,-16.5590187927032,-16.229834382631,2.87554805284739,-1.6703669386379,37.03019080389,37.2997675890599,52.3736526432221,57.3968719327051,19.9322835689324,25.2341647553878,26.2933679757668,18.2955775182983,-22.3678838870526,-7.78169651641574,19.1209724592915,8.47092865211759,-16.6266704778695,71.7276529867682,50.7035965575466,43.3044426811074,21.7502332288676,9.8917081858763,34.0324413165994,64.3075559881251,58.4484882335422,39.4453734625296,27.9527158138987,10.8826357239388,9.70520599429774,0.985462305600377,9.61297190621902,-7.20547271134694,-11.6667180138501,-3.44395321859454,-12.1385479047873,18.617061329292,-22.7638185829715,-1.14720432447772,-22.6347091494575,NA,NA
"47","2003Q3",2003-09-30,-5.5481171844192,-0.494554621232366,-21.7130449038513,-21.7479978910777,-8.66383271085784,-9.32671580600762,-10.279996868726,-4.43641868217225,-25.3275714175151,-21.8917377147786,-28.0012427240365,-27.9012799350397,-30.8234034857746,-17.4231034382794,-14.4336312932861,-15.4190214720211,-12.6366330390758,-19.4376136075323,16.3884374578422,6.82319407827401,43.4673732315021,36.4934177078761,60.2152395165191,49.7574337974667,23.1507034544347,19.236420198928,14.1612790179163,15.4578419443409,-22.1147260892494,-19.6285654443837,16.8389896485607,19.5017339827889,-30.3065978771201,66.2397268301445,41.0759224374119,42.875113748976,20.4695995172147,1.11218209835543,27.1154256380403,46.2620318438431,59.5710687059518,33.4493000939938,23.2171453530721,7.45586010694147,0.609485703957849,11.6980574979007,8.91967633809804,-7.17648783462558,-14.492683238822,-7.58246751516003,-19.2816866692077,29.9180861195139,-25.495777993174,-11.9689954392646,-22.5734014531517,NA,NA
"48","2003Q4",2003-12-31,-8.78390076546679,-6.275817862798,-42.5398462795875,-46.1799959254645,-10.4463000080254,-11.4826129556247,-8.48880205618123,-7.4307467173769,-40.8528788327728,-37.1374793000453,-27.3183374081996,-29.2601527427952,-32.8695490001941,-25.4342827041002,-19.561626552673,-26.9048260712958,-16.3401488892402,-21.1379449335546,16.6133347994437,8.78065654106627,27.5441228435353,21.7208831244269,53.4268495572984,39.6984044030769,6.4117636685964,13.4154931750614,2.66391281367216,1.68020160984916,-33.2794593663717,-36.1870585818038,14.07648588628,7.83290733726213,-25.815515408927,73.5940358313533,37.7568008726596,39.9632009060952,21.625988147964,4.92291713294154,28.9527843102788,31.5953966306461,60.5722941283228,30.5376173945767,32.3689363223481,-21.2629735949494,-3.91030325402497,-1.59195940746542,5.64172249522874,-9.03937406655373,-8.68639000380794,-5.40316414281941,-13.7787626197095,35.8965613117953,-19.0811300717512,-19.2402001755401,-26.5612009396528,NA,NA
"49","2004Q1",2004-03-31,-9.39796738225392,0.948719842178865,-44.2904758914341,-25.4842618965181,-9.21404637408254,2.5487543032458,-4.95498541066995,-0.762361398070366,-41.485105885851,-22.5147034276716,-25.4021996985741,-16.5415504080621,-29.4494212343746,-17.6754545349222,-21.9470578666259,-17.2683617407976,-22.8990237259365,-17.2082189570601,9.1929833305444,10.8206262176226,27.7864511687571,30.8446271109145,50.4842995797074,44.9715450833844,22.8198512854549,34.4711877290597,17.5552121726836,23.2290758269178,-28.8466617350543,-23.221541679856,13.4637236869937,12.7828710670375,-16.4255381811847,72.7137478727983,43.7948124504098,49.8616086761418,21.4829117571302,4.19392763679508,31.5028932708148,23.3682824163274,60.1303111503094,36.9137905459916,30.8476538914487,2.02388691123519,5.13420518052687,3.63560184357263,2.36376865235943,-10.9022602984819,-2.88009676879391,-3.22386077047878,-8.27583857021135,41.8750365040768,-12.6664821503285,-26.5114049118157,-30.549000426154,NA,NA
"50","2004Q2",2004-06-30,2.25313582793669,22.7111263321961,-23.1452056092049,-8.36960160917658,1.48902903483196,14.7033745563179,9.98591473873601,16.6348696544069,-27.4277570820346,-16.996055165015,-3.4103478200511,-9.2490811058039,-0.582683210107407,5.00935658824703,-2.36447376976941,-17.2594338540184,-6.94993791701892,-8.89217561831341,12.2519969662374,7.92830214668608,30.3268152780442,44.7352672853766,45.49169330288,58.9669916469407,28.7138402211767,41.8744008819987,19.8527797181117,31.1726031196313,-8.58900389767597,-0.840761127121961,8.2720087539526,5.67375828701161,-10.5546339152988,70.6498445206779,56.7972722167556,42.2403189455802,22.407141535802,4.18458428017171,39.3068889385273,29.3818040760219,59.1565220072675,28.8882308324518,39.2352419046232,-0.384932407047307,10.3935913796184,12.0179331045507,5.63673771249089,-6.71585448408645,-4.20891417613672,-5.4552992591077,-6.25160451874596,38.4691464257774,-21.1538965128885,-32.4882335086255,-26.5234744426137,NA,NA
"51","2004Q3",2004-09-30,-2.07406614327757,14.6699881507097,-44.8433090657329,-29.475699477589,-12.0906560831869,0.397978222213158,1.31892206021803,12.2893201538863,-45.0065209956796,-29.0108029699318,-12.6852224982072,-18.68098130656,-7.46355273130382,-5.59280943696504,-9.78087840661837,-13.1613171391878,-21.2570602289997,-14.2704419785647,4.51022346570612,-3.1396939451239,43.0679844567926,36.5990924278752,57.6778332896651,40.8014330298074,40.8215831266101,40.5889933765575,15.3563985004059,15.3935352385165,-14.8320094607706,-12.9695534086452,16.0221851582422,3.11266661970437,-14.3045966908983,68.8620084470896,48.6438663464107,40.365438486776,21.8154421362636,5.62806688388759,32.0347362938448,27.1590448216072,59.5438235995317,30.5378240408969,36.7362612036795,1.1092700995352,3.77523620238623,7.31507376494398,8.90970677262236,-2.52944866969102,-5.53773158347953,-7.68673774773661,-4.22737046728057,35.0632563474781,-29.6413108754486,-38.4650621054354,-22.4979484590733,NA,NA
"52","2004Q4",2004-12-31,22.4453567277058,26.2696628084715,-21.5784328950154,-10.3430288701138,23.5334609024208,21.5052710432049,18.1397139537486,22.7091385338176,-20.2693035692402,-16.4303911984886,-5.30281833113085,-9.71120370354549,12.0264073792654,9.07575500713754,-6.09878058556882,-5.31926278958873,4.19195590304264,-6.75310027394222,26.7637347221916,20.7658132818127,43.3871633309256,40.3422627979695,48.3704683669581,41.186079971043,57.129253689337,52.8495103192144,27.8518242495906,27.6485979875818,-20.8912449741377,-7.81887499616481,4.10586160655712,0.812338843243033,-2.13732845306648,62.5358456599148,60.926989625024,49.2097378739764,21.7085232532766,3.52205192128236,46.4376266898371,28.0821692006819,47.6324695572391,29.7984597304157,38.6791014837043,1.42473832983749,26.1856893432582,22.4835859272838,13.4665450050563,-0.653163279490897,-6.02411375892611,-3.13383881372262,-3.18478348331659,22.6124219848287,-36.0219540231296,-37.1280580940818,-27.0283636819713,NA,NA
"53","2005Q1",2005-03-31,22.5156125879733,22.3820767657838,-39.5001376435502,-25.3419988725035,14.8359383424467,17.9871250365332,17.6427069568403,17.139490812412,-40.4699837601807,-25.0929425022224,-14.1303832795124,-15.0328905233189,4.97648627579662,0.933345707439107,-6.22263928055294,-16.4612345167595,-4.91343065895755,-6.66422290474024,22.3389046106456,21.5867496268222,30.0267178457612,25.9803127924121,35.9289811363518,35.1212607707015,35.1700699716942,31.1501107038793,18.3265628331446,17.5255827919282,-21.2852861147777,-15.4420917216113,19.8824454581241,5.1787760755129,-6.91091493287429,67.9576483714947,59.6965230462158,47.2743994328062,21.4386768582282,3.22486222732499,33.8188258536019,28.85473876005,51.8478421108507,28.5087292717185,31.0449005182431,-28.313041801026,13.5960698418542,2.52354792026241,18.0233832374902,1.22312211070923,-6.51049593437268,1.41906012029137,-2.14219649935261,10.1615876221794,-42.4025971708106,-35.7910540827283,-31.5587789048694,NA,NA
"54","2005Q2",2005-06-30,-1.39401863761597,7.47448335227568,-41.8497836120312,-26.6499182806268,0.370525923829264,11.5108389339124,-4.67543295485709,6.10853632552418,-34.3449334213133,-25.4781081497615,-13.9145023887847,-13.4292127802533,-17.5366767784638,-6.95244223267579,-4.93597860126238,-7.38703744544692,-0.261887001995465,1.13261981921752,9.1361360333148,14.0251704843172,33.5500881173354,43.6359743060537,38.0421838824607,52.7879611431737,34.6161954332773,46.592557928505,12.3856009330706,16.606162053422,-12.2467669795025,-3.95601483211683,27.4317283557829,14.9832252826993,-8.43980108434283,68.7257934823519,47.1356564851177,46.1409084804969,25.1287771185161,3.99171504069063,31.812312847251,27.4728214330057,67.8467623795279,29.1480110370486,26.0556960208824,-5.57023061186097,11.8561007939574,-2.04317692527801,19.2597191330083,4.98486932593673,-6.57534287901433,3.74880793944769,-4.8254618554906,18.1071641839028,-34.6133751004352,-42.2726677866012,-28.4447860054895,NA,NA
"55","2005Q3",2005-09-30,14.3175994786903,24.9050038718024,-13.1514336362885,-6.90990652774016,20.0422804656895,22.7905217921595,8.4692156498325,15.7596505849329,-10.1891173647066,-9.64781118164674,-18.7444149814029,-18.0241585832109,4.48625943713343,16.3963618963226,-11.0443765549768,-10.2535905717932,7.10384665253525,4.25545359518935,22.6407763572145,13.2170590394384,44.4375744861925,30.1581408973822,53.8738956214713,38.4786192418453,51.3060891974026,44.6053323411239,24.3313972815587,18.4131744983431,-4.90213062933065,-9.64923595930533,24.1310723277477,17.619697947292,-18.0864432837729,66.7673515504972,55.99583249372,49.5721487028029,22.164906488868,2.98035286190164,34.8025057499029,21.4716574136895,56.3189996080764,34.2204688717419,34.0395926433939,-10.5067614293093,12.072794409532,-4.09705663637913,20.4960550285264,8.74661654116423,-6.64018982365597,6.07855575860402,-7.50872721162859,26.0527407456262,-26.8241530300599,-48.7542814904741,-25.3307931061097,NA,NA
"56","2005Q4",2005-12-31,17.6179999246118,27.0490015403903,-18.1691798513139,-8.57480684368259,15.7146478062988,27.3214466800718,13.7265744919225,22.703869175331,-14.8859008020296,-6.23251666578567,-16.2787024242115,-12.9281859521998,8.50373348167498,17.9980445842622,-6.93648286769743,-5.62231881616045,4.00552994213085,2.9493496102664,24.5466364475449,20.1063061707539,42.4840431141776,30.6135053233943,51.92897836277,36.595806156423,47.2123382310585,41.4791165757826,26.9157297435264,22.8045869464192,-10.4752195110044,-7.70631673054252,19.6512376947542,14.3023041699984,-9.52227888833849,67.2200911331173,63.8357336136572,50.9073865232812,25.701910381589,4.44719126811498,34.0522220567233,22.9021926290711,54.0814542759862,31.3030891689253,37.3364535988345,-6.13997392539564,18.4469619389281,4.70303956972526,17.2324521534788,4.88742525576544,-2.72775577798475,9.30121198329341,-3.72951082572282,18.1925780745719,-32.8585712047115,-48.8141240705133,-29.2129704968573,NA,NA
"57","2006Q1",2006-03-31,20.9184003705334,29.1929992089782,-23.1869260663393,-10.239707159625,11.3870151469081,31.8523715679841,18.9839333340125,29.6480877657292,-19.5826842393525,-2.81722214992461,-13.8129898670202,-7.83221332118867,12.5212075262165,19.5997272722018,-2.82858918041805,-0.99104706052767,0.907213231726444,1.64324562534344,26.4524965378752,26.9955533020694,40.5305117421626,31.0688697494064,49.9840611040688,34.7129930710007,43.1185872647144,38.3529008104413,29.5000622054942,27.1959993944953,-16.0483083926782,-5.76339750177971,15.1714030617607,10.9849103927048,-0.958114492904099,67.6728307157374,71.6756347335943,52.2426243437594,29.2389142743101,5.91402967432832,33.3019383635437,24.3327278444527,51.8439089438961,28.3857094661086,40.6333145542752,-1.77318642148196,24.8211294683242,13.5031357758297,13.9688492784312,1.02823397036664,1.18467826768646,12.5238682079828,0.0497055601829518,10.3324154035175,-38.8929893793631,-48.8739666505525,-33.0951478876048,NA,NA
"58","2006Q2",2006-06-30,18.2271539974808,27.6150887918466,-12.1766449306466,7.5393155838963,20.0139542918361,34.2118848452993,18.0586689548653,31.2556852780633,-10.2827705821121,4.09713613408527,-22.0523923180922,-13.7322410190336,7.7903800003451,17.6599904724558,-6.3431821273671,-2.24767647536615,3.90932530990663,7.55716359432578,21.7106788435069,24.1546325630151,53.7047603738581,46.8810443062264,47.075517214079,50.4148571929469,61.6312198699635,57.5775997693763,34.6023770003608,36.1683217155193,15.2892892660994,15.3097656347422,17.2313538549046,11.2576219424783,-14.2492989665759,70.001522338807,65.8294330355181,58.7755332342721,30.4657775018058,6.1188673944829,47.3068848841635,23.3088996970363,56.6622908152246,32.1609457980333,36.2756436386091,10.7348953667714,20.8469111527945,-0.316224226501026,22.4607874733854,4.942148920502,5.72091448211924,16.2899469202375,8.79033777668846,6.09381251848884,-33.3849627778037,-34.7536576877104,-29.897115200813,NA,NA
"59","2006Q3",2006-09-30,37.2742419214213,39.6945493146898,-14.3609481041232,-11.9745359588421,26.4480875278781,29.233592897953,33.8070491897978,35.3898538759324,-16.6423432583665,-13.0280700505324,-2.7499242589044,0.158727976677719,21.0738645340692,20.9374904191693,4.62380159352156,6.5380920782533,12.4868105308533,14.5088634448519,34.4027635218241,34.5316255439875,68.0455207849202,62.8596348936008,55.7942726212367,37.3442021299244,85.0259901429487,75.3938402980744,46.5474053307605,38.6643074158891,26.7378393171276,20.9713323358709,10.9943720664513,3.56653381313334,5.85469472402009,63.1304446654899,73.7650096630792,59.5923618521449,31.0296178350093,5.80406454755242,46.6373526623739,36.4779978176507,47.8891721853162,31.0740425389833,38.1703844596886,21.0129707726032,28.7440858330538,11.5802672790214,30.9527256683396,8.85606387063735,10.257150696552,20.0560256324923,17.530969993194,1.85520963346015,-27.8769361762444,-20.6333487248684,-26.6990825140212,NA,NA
"60","2006Q4",2006-12-31,38.2116482686338,33.6360255856363,2.51880541963052,13.0837877229141,34.2047965080567,33.6565167918543,37.9061621255847,28.8561714871551,8.69925598140284,5.34898023702299,-2.77386157028995,-5.11835411242082,27.6924933123832,13.2505465311847,22.5276511276332,5.88131443645919,17.054068545966,5.1066354616065,34.5164649449353,30.1621029240229,62.4213271192458,49.5216789338364,42.7257436692661,27.6833679327312,84.6731948298528,73.2238473776313,55.2324500148832,41.9244912184669,35.3817018637632,25.7584516295716,12.0151849364078,1.45011337449546,-5.06617498552853,61.8166668333837,76.2744413820677,63.0479186960814,33.1627863793767,7.75687997021574,48.4817111577567,39.7436822138701,49.9224097293061,39.1427921183845,29.5667152832603,22.9129107135779,26.31167020186,5.75830135587126,33.509733324444,10.2362521632239,12.0731621492608,19.5546157964132,17.8284648049716,-1.16748130269009,-20.054574406927,-22.099970414507,-100,NA,NA
"61","2007Q1",2007-03-31,42.6704808171555,48.4457202650371,5.45912350716202,25.4966820262485,42.7673864984179,52.4755125225999,41.5218305189825,40.4944551982076,1.92868422967099,21.902460241647,21.849390442192,-0.341221377672475,40.57444201369,35.8781172422757,15.0318899559026,2.75761112236037,21.2649106880154,14.5653231395619,35.6171233929318,28.8469241896608,56.8484690294081,44.4819165907711,47.5466643048261,40.1505047268593,82.6426650808221,66.0165842200138,55.1698059537866,46.3798307849291,29.6027157249696,29.0829221848617,15.7209119306465,-0.487668908944012,15.8177660373882,56.0618770276249,76.956753213639,65.319987379289,33.3651208304512,6.16367447891131,49.853404160738,38.6485621483417,45.712561372951,43.1087922870048,29.6752263544344,16.5113653176403,31.3506691352007,16.0744261936374,36.0667409805484,11.6164404558105,13.8891736019696,19.0532059603342,18.1259596167492,-4.19017223884033,-12.2322126376096,-23.5665921041457,-17.1039139237914,NA,NA
"62","2007Q2",2007-06-30,44.3086426479414,39.5678573669809,-5.36392841234559,-1.00131420469645,39.8608416620088,33.8202622489981,37.400883048625,30.7131335598494,-8.22297909628263,-4.61023312693659,12.3060089457702,2.19714065348657,25.9774701107105,13.6135617646763,12.8560921710386,9.00719648608125,16.1188587777783,6.55947150319875,36.4423579696504,37.6135566427512,67.297807256016,63.1760112473858,51.2161763301638,66.3448646453893,83.6422672702481,65.0364816988945,51.7823761535958,45.2497527005561,17.7903854468756,14.7365350787784,8.43662960171863,-2.21716324107873,13.5056490711427,60.5542047010819,78.1270674785021,66.177394308547,36.2912271736707,8.44627008416794,45.767331137803,37.2757907406064,42.4357077356222,36.3079787048656,37.8140217464331,5.57117063893938,33.6850003907848,16.1799127102298,35.5532813194358,13.9423743078337,16.6823011039902,19.1167682351839,18.3651184307457,-3.30592900470043,-17.7619930860037,-9.92269145166035,-20.9261351642922,NA,NA
"63","2007Q3",2007-09-30,36.1157883630924,28.6278950491895,10.9669208705991,4.57103693901752,34.7958459061394,22.7712822873106,31.8703155700034,28.1965083548361,9.63857886350084,5.93214499157687,7.38692092071474,-0.132508824162848,13.0296111938139,8.70266839399176,16.8159715771139,4.60367985828901,9.02352448376429,0.597031606932191,40.6699209167331,31.1116038065068,77.0595122614812,65.8126351685188,82.03131776575,66.8704056798206,78.3034476916625,65.9021251707228,41.100546486873,33.6506874371748,21.7341863144167,19.7019745035414,17.975889195094,4.88280624820196,11.0848393404893,67.5622381002858,69.2310783609793,68.7383468720767,39.1090016259328,10.3079760969259,47.5464784645862,50.7874712403899,42.5532179867376,38.6532761725964,28.432029519735,6.19750084963701,29.6036108296422,14.9059756359555,35.0398216583231,16.2683081598568,19.4754286060109,19.1803305100335,18.6042772447421,-2.42168577056053,-23.2917735343978,3.72120920082503,-24.748356404793,NA,NA
"64","2007Q4",2007-12-31,34.3736832791995,23.528058634591,-2.36088251105299,-1.5097098923102,25.6554537646105,13.372438887604,25.5301635744817,15.7253146125831,0.342920101498313,-6.72424647893161,-2.14450627994616,-1.83396858027128,13.7623474506987,-2.29783676847341,23.4200409843061,3.42810956006313,14.6162195240119,1.59999981850178,31.1384674198909,32.0372138094146,76.9385606071308,58.4119590942624,59.8385350949724,54.7234480123078,68.1141786254808,67.3640269434255,44.8161387511167,40.8733651553111,11.9898479259326,2.96305851984034,13.5994944829278,5.17835157267946,4.05754554051682,63.1861629898028,68.321064697908,63.6076905581542,37.6547508167916,8.50928104962596,48.632606493986,55.8658347000541,44.3151078379541,41.9765569116313,42.7076782134391,6.83281437904879,29.9518563519881,7.82839121935493,24.5384425013865,10.9210229302283,7.22344385189491,9.62452425099123,13.2447456967506,3.84434375991809,-0.182166599418125,5.54125878675464,-27.8829033007096,NA,NA
"65","2008Q1",2008-03-31,-6.03783739478883,-5.5437649090607,4.2605542710493,-0.376998359712492,-9.5988748626532,-1.99966175545903,-5.79935059577083,-6.70568866727247,-6.82827825392222,-5.49134282343539,-10.0817562362747,-14.7656598048406,-36.860306704484,-44.0452290773425,-9.16431190035944,-15.8027909173139,-6.55289615215372,-13.2871142138422,22.1989109996269,17.0865292286431,80.3250537439622,75.0114553566376,68.3068540274178,61.5829880241974,88.1354213162717,87.2526657823436,57.6288867392264,55.3294075824559,39.3304169243833,35.2006751136088,15.096825080682,9.77026615604322,4.5900989456198,66.2042827126458,54.040045914756,64.9314132008359,37.4356018372073,8.81572934339126,57.9317684624104,53.697153738256,53.8515389218246,59.9943243344442,15.8200333484166,13.4643273519346,23.3550507419035,-27.4729553637826,14.0370633444499,5.57373770059974,-5.02854090222107,0.0687179919489489,7.88521414875908,10.1103732903967,22.9274403355616,7.36130837268425,-31.0174501966263,NA,NA
"66","2008Q2",2008-06-30,0.693126579644478,4.45383646697449,-8.87519170569675,-4.44231769882281,0.384000797302713,-9.5975593834357,0.874729745087628,-1.99475177926175,-12.8649573613673,-13.3577750249873,-12.4797952741013,-14.7833987763484,-35.7790096166804,-31.2165333319626,-1.08210760713761,-9.54182965445926,-12.3963904825149,-20.165269337526,12.9220830793385,7.71302755711952,93.3789711040854,86.6116153314076,65.8359938447572,71.3595749927723,96.6975884743012,91.9557237722096,67.3587116158788,66.22177074333,51.6255146503539,50.6943157465123,21.7997005424998,14.3525139383108,2.44898514669712,58.357080327933,48.6531217337433,62.8819513576334,35.7146915056154,6.04993219883826,52.6892201184578,65.8564714015565,53.8225596676393,57.4310605616639,13.7896372068598,2.41872786306658,3.94700991111715,-33.0858954177788,7.64057019435572,-4.82606416361462,-7.63267106964494,-7.62107112339445,-4.71869352984988,16.0444252957632,20.4409043207257,17.4004597385497,-26.400453432545,NA,NA
"67","2008Q3",2008-09-30,-10.3304196524182,-10.098975758688,-14.5437309281292,-12.7899437284425,-11.6370826523083,-8.52686140077929,-22.1473205011628,-14.5970288399111,-13.7676432513144,-9.2579348929786,-25.5221774000904,-25.7093569442898,-45.8749668132764,-34.6526552716506,-10.2358702284536,-12.5911047619503,-18.1056112585882,-18.8330848611469,9.57610439998126,9.61348960956562,94.1624032352855,77.8065240129196,85.3209897501726,61.7790424380718,90.198089420598,77.3980644702256,68.8410635460639,54.1592515356362,52.1638642557595,41.1920056651649,22.7839651243568,3.36366319277802,-20.8446635842059,63.7862434502176,42.6468087904204,55.6499322025383,31.5617106273639,6.29312941128924,50.7757415383589,64.6659780572432,55.4444588585583,55.5338026445481,19.77719782823,-6.47495945094246,-0.882273413599238,-21.0016359202327,1.24407704426156,-15.225866027829,-10.2368012370688,-15.3108602387378,-17.3226012084588,21.9784773011297,17.9543683058899,27.4396111044152,-21.7834566684637,NA,NA
"68","2008Q4",2008-12-31,-28.8059612055522,-32.3376127185604,-25.9185929184992,-33.0239746871833,-18.5426243901504,-33.3847010125125,-32.232559833173,-39.0053868521024,-28.0209750648594,-38.4381796155509,-35.6701768633116,-39.1367357664043,-55.5444263053378,-61.6316746266441,-16.3286281428514,-30.6773785802658,-21.4774627668856,-34.3582542179966,11.2716947170292,8.25872292874321,79.6897021602056,59.4028650847549,69.8051781636467,56.0461242407038,65.0662852089964,47.0349152166134,48.4223129858601,41.050050504242,44.0191425943302,37.8104005402005,33.048886251318,12.8631927150647,-9.00203245882833,61.4366326046038,29.4614937306192,60.7018170497001,29.7399616278832,3.96457434029036,38.0902072911796,61.7279899276578,62.2934577827668,58.5822671351064,-22.6781602602441,-2.83961687521829,1.02138605781404,-36.3073257881996,-10.4761425426789,-24.1259875062074,-24.3422043102648,-22.80293623142,-26.2032676663949,36.1015993339006,14.1381958371749,18.8617243630102,-15.8976366827143,NA,NA
"69","2009Q1",2009-03-31,-56.7632958866447,-54.6309107836052,-44.1787637492626,-45.2579946982601,-48.7188770884685,-47.7207140244785,-51.6305090782328,-51.9277462227137,-51.2827953463678,-46.2048898717272,-38.0483152645409,-42.6665584148282,-70.963637533563,-67.2019991789934,-30.9905637525541,-38.9266299237079,-52.2311689390445,-53.5979561559682,-13.4590801412277,-18.6825598420774,38.6778896524003,32.3211092618913,48.3990170055703,47.6517620974159,17.1533994080206,17.2277460904192,4.75409900274483,-1.41600652145488,0.0172349188875176,-5.91554309992342,35.7795275978425,27.9364084101131,-27.8882011638881,72.8190180313752,23.1082159960087,50.2141605894953,28.1117461038872,8.05500817486087,32.0083003973944,49.0121023306356,71.6425901707818,53.2907111209585,-24.6571307049393,-18.2027975466245,-25.9213161464546,-27.6941105136071,-22.1963621296193,-33.0261089845858,-38.4476073834607,-30.2950122241022,-35.0839341243309,50.2247213666715,10.32202336846,10.2838376216053,-10.0118166969649,NA,NA
"70","2009Q2",2009-06-30,-69.0703217777845,-58.8861133339429,-64.1695651691356,-55.2655231489037,-66.1667076465035,-61.2651761070443,-70.6195917793634,-60.4046675722239,-63.8563729667329,-52.511578905039,-54.0121659579739,-52.0142459812458,-81.7304089874397,-66.8224183521402,-48.234622048182,-48.4734118519023,-55.0061452993763,-54.7890149891884,-26.8726110796502,-25.3899175823589,24.0948893325614,26.4188784597819,44.046391872433,51.402245753941,-0.333710374485889,7.51257448747207,-13.2660458643379,-5.01549590870073,-18.6093352991854,-12.3296138784962,38.426274812917,32.918568157091,-36.4740809329203,85.1401084385154,23.5582799313064,48.3714443617479,24.9273800319876,2.54576771235183,28.9474453755449,36.0634005895044,78.9604478057615,38.3678011607043,-4.82396180619826,-16.1858311809569,-22.4678670553148,-9.29150447475231,-14.185021122669,-21.4238246702227,-27.2812116175957,-24.8986054712702,-34.5643125806005,54.2477882440326,0.47864403512245,2.22879507216885,-11.0107577724693,NA,NA
"71","2009Q3",2009-09-30,-60.7063195498584,-37.8278849091177,-48.5549367217165,-35.2249274362039,-54.8027571942146,-37.266637317972,-65.9511945835261,-44.0255716243055,-47.0034694545147,-34.6371880167655,-37.954154303813,-30.1530255784516,-70.3201976300025,-49.9808854033489,-57.649950716573,-47.7136498360146,-45.4963660912013,-39.531283803844,-15.7640081621193,-16.4327037217993,51.241566156654,47.8809314743915,79.3753859145657,63.6799193675874,27.9656209256684,24.6506021168081,-4.21146577413372,-4.69664993199215,-24.4070621033308,-13.6211086746493,16.7310112618201,23.4813429087856,-29.3888768705069,82.8042898459025,21.6455016522572,49.0012703687611,22.4127435768995,3.60195431766706,37.6948257918162,30.8199735200066,79.73419472629,40.5880685211647,13.9231016975373,-1.33570514125992,-7.54069906221584,-2.41671990302957,-6.17368011571867,-9.82154035585956,-16.1148158517306,-19.5021987184382,-34.04469103687,58.2708551213936,-9.36473529821513,-5.82624747726756,-12.0096988479737,NA,NA
"72","2009Q4",2009-12-31,-33.9955354601518,-6.63872758305975,-46.4065790967123,-9.60860790733722,-40.2841697623666,-5.33482422446396,-37.1772292350802,-4.31690546392687,-47.1030185856843,-12.8351321265276,-32.7937550885883,-18.9957437546806,-40.3928402643511,-12.6175741248812,-40.1982021248794,-23.2402541326448,-36.1092378489474,-13.9221694439967,-9.18485215030433,-7.14679531504247,37.536722961345,29.1505505747426,60.2899406284822,43.5924595718855,9.17449614309708,15.7209408323905,-10.2846348765837,10.3854557311184,-25.2827305925402,-0.27684990698286,13.7827218720272,13.5224779587731,-24.3046865193029,82.0051454382602,26.6114844354573,42.9474544651642,20.3444710876021,6.48020700857129,33.9678647663558,33.5159989708049,74.0803166917837,49.5200162887749,18.4732575844555,13.6641970031534,6.49758688979634,22.5604905553122,2.26586847374919,-8.87959051042182,1.38085349658944,-11.4970856378812,-25.5961229946202,48.9693442751326,-6.2058149997215,-17.3596065952128,-16.8100314130567,NA,NA
"73","2010Q1",2010-03-31,-10.0623726642077,10.2404386412326,-10.9528896053801,3.95084548378389,-4.81834941793752,12.8432642924807,-4.80886610726526,7.6727795096577,-4.2295511872951,7.10719763180012,-24.5097408339123,-21.2176014136404,-15.9902435342609,1.22509338379551,-25.4517178897982,-16.8187072042635,-18.5639172126501,-5.62339583791332,-4.97765192941918,2.7612632039722,46.8777247862431,45.4312278630656,53.4058629669669,50.0565980348862,29.1448022074492,38.3559385839783,12.5896514218989,25.3010120272151,0.904853735509541,10.1582151400267,12.3175851102828,8.34171679152833,-3.18096776163677,78.792888723559,30.8457019543652,49.0138576539062,25.0217385153319,4.732327778,36.7322866864946,29.2544994211331,69.8449050814947,49.0733391044132,18.6279279615983,14.6543092338322,3.79036214391068,20.3471367979405,10.7054170632171,-7.93764066498408,18.8765228449095,-3.49197255732416,-17.1475549523704,39.6678334288715,-3.04689470122788,-28.8929657131581,-21.6103639781397,NA,NA
"74","2010Q2",2010-06-30,-1.47368079514465,12.8219895198081,-34.4109442990303,-10.8651875161975,-9.18200978707412,3.34729740642759,1.52680964330775,13.3191979297203,-30.7712568217085,-12.5029143511319,-22.0728460819381,-14.773432406741,-11.868843589885,-4.80886979927646,-24.2875221335721,-19.9407840794363,-18.3551955120063,-21.2301853465608,-3.03191906535209,-0.802838820348994,53.9194787349599,63.784523519368,58.5195468372224,63.213150545812,42.3305286492197,58.3545708101649,32.0657949712948,38.1884356323331,-13.7020212999943,-6.22204604382152,13.3902752583026,17.7799439218845,-14.7989137014098,77.9386696210219,29.0870605153498,49.6366799547188,25.8170895713302,5.52622521617333,33.8575938587096,31.5658583305989,71.6475942641969,51.02187814526,9.48397596905824,-9.63274252078567,-0.0110875674647727,-1.61471384298054,9.29394293469326,-7.17740617766244,7.7217320431485,-5.54965230208076,-17.3268310005969,40.4697216145733,-3.36018621167731,-22.6098313030085,-22.0906456281553,NA,NA
"75","2010Q3",2010-09-30,-0.413824593464211,17.4576173997282,-22.9892638431101,-0.0859761468787219,-4.761500030069,11.6770188370096,-1.17185875002065,1.96097782317416,-26.1539271161812,-7.72688783216573,-26.5500319514441,-13.6189163352213,-22.8818880744716,-8.6472557587582,-20.8068107067077,-14.5313148833012,-17.489000916669,-8.38303910629326,7.89014256236833,9.93350025131265,62.8471771928961,50.870195029258,68.8073682615829,48.964069368506,45.0892011416332,37.0429926046766,17.1990489021864,23.7451625323549,-0.337127135034618,-4.01737517554305,14.0244174750987,15.5688546086739,-10.9989519116765,71.2269777926762,32.8434496298186,50.0630621235912,24.6019496091907,5.24271962685494,27.59345886769,26.724375734657,68.0958446319959,49.1338422941496,26.4668607191773,11.5456814372944,-0.0754767828017878,-0.114656036586822,7.88246880616946,-6.41717169034081,-3.43305875861251,-7.60733204683735,-17.5061070488235,41.2716098002751,-3.67347772212673,-16.3266968928589,-22.5709272781709,NA,NA
"76","2010Q4",2010-12-31,0.263849798364901,2.24358795510269,-11.2483461969782,-5.15339604132994,3.61717924333207,5.35155959633428,4.18185531759319,1.55572687545968,-16.3320506784504,-4.73922005550552,-14.9259950795442,-18.7543176441801,-9.19298911339176,-1.06226421967026,-13.0074555851426,-17.0089417047636,-4.83851083579816,-10.611061717045,5.17290765838103,4.65521044298546,54.1662980815242,42.7483782701291,65.6554288563869,49.9988305512507,40.7913695294766,38.6808374907616,9.49945534744647,12.5113811874297,-8.27019079001438,-0.693371130457967,14.7613654759325,18.3333248624446,-13.4268580242943,71.697104792649,41.7849945990356,48.0997948234314,23.5056228326422,5.66991516938683,34.2036066512338,23.8690687170759,63.5487881419081,49.9849044412525,27.1946569758388,-6.93467840786452,6.16391571396945,3.9437437380559,12.888778424787,-4.15959255995903,1.28283519840039,-3.28725457121592,-10.5041480794035,33.8145312830207,-1.28985131235579,-16.7718911586308,-13.5197018430353,NA,NA
"77","2011Q1",2011-03-31,16.6176974094111,23.0316374890401,-3.95953468859803,3.10247460130803,20.7084670372532,23.1496308808991,14.1831981898047,16.3562668277043,-4.86619903028528,-2.21238934994267,-8.30483070588881,-15.3060762669951,11.1874343533326,16.3126537094655,-16.2577403936204,-11.0383045995444,0.554055376275358,-4.70920168771774,8.1840817047598,7.754013214789,70.1189420290129,58.167191633009,61.0724107343644,64.7701766280433,76.5206728849814,68.6086086132766,36.3749208115327,43.8117930471365,16.7019278259941,16.132554235026,-0.231353587201895,3.71811709189718,-1.15374888334306,74.6530227082701,44.2979282206958,49.9765606583218,30.2566525966509,9.13593183898357,51.0497007690158,23.9291087941172,61.4027717307698,49.7727650088262,32.2145854416131,2.94391777946866,17.3932305908887,20.8094503768335,17.8950880434046,-1.90201342957724,5.9987291554133,1.03282290440552,-3.50218910998359,26.3574527657662,1.09377509741515,-17.2170854244026,-4.46847640789984,NA,NA
"78","2011Q2",2011-06-30,21.2836326523048,33.8412497147212,-8.67421382929323,10.3848691426782,18.9752456766634,28.1569226997978,9.38353670724487,32.2051782307882,-15.2294829515386,7.0367051638865,-12.1704214505869,-11.0882314480541,1.11745014655743,13.3522729750071,3.83694007691133,0.961057724578455,3.10733461509313,-4.01353828067582,10.9653607673523,13.8328269113717,70.9749205231741,71.9753681021307,59.0138035720154,73.4098271932685,71.5447466301135,69.0781358748668,44.6819499561557,43.8221555973893,11.6757993158382,9.81434397695221,11.2469264678989,8.98260397501552,9.23549793082291,68.7955097576908,46.5483462356268,52.118614529388,31.2954157620225,6.65322279619141,46.0009438092749,26.4502632349277,63.8229985458625,51.4874440338487,50.0257765747531,5.95693780276184,12.7812944672535,16.785025057797,12.6257356886724,-5.10116288693692,-4.19952725519538,-7.16496903361045,-13.5958447593526,38.46486379643,22.7937103290918,-14.9236594948834,-8.27763672972788,NA,NA
"79","2011Q3",2011-09-30,-20.0843164463987,-4.46426664263881,-22.5712153728239,-19.9216222096474,-21.0361157017838,-8.17724177402641,-18.5062126462977,-13.2287554239209,-28.7632339017475,-11.7957902961169,-25.8482591473373,-24.5213095984868,-41.2529483178677,-22.3567504511112,-16.7167150152431,-25.8472360287059,-13.4659234596523,-15.513796442697,0.634555135971556,-1.27207310099775,73.8236992127417,52.8761752412204,77.1113320094244,51.2449029902323,69.3097623079976,47.4844309884719,19.4193091845646,24.8886237814421,6.70689802818524,2.07393981407419,19.6045509877701,6.22985882620358,-9.52104423852971,78.6485013216463,31.8438982192806,53.8052975357307,26.8047951408117,4.80071656766154,41.1361955225417,26.4958878891208,71.4696533620805,69.3446507928825,19.0561372057443,-2.60951416107094,-0.423149431029742,-19.4719418411632,7.35638333394019,-8.3003123442966,-14.3977836658041,-15.3627609716264,-23.6895004087216,50.5722748270937,44.4936455607684,-12.6302335653641,-12.0867970515559,NA,NA
"80","2011Q4",2011-12-31,12.3678811426011,-3.58823477913241,-11.5565039261764,-10.3360253521537,22.3686340565346,1.35753790659717,9.62724453794327,-2.91643452135807,-14.3569950353771,-13.1201924842805,-5.81694243088074,-20.48115073443,-2.08379742897795,-15.9818246512506,-10.3705365584473,-23.2343383741864,9.41925597535949,-10.4458610038416,-4.59760151184255,-3.5225533220933,68.376792477122,56.888078270277,62.3696020200202,47.7670382214831,76.1086277729916,71.1571053491411,37.4445372119671,30.0611666785956,28.9305083317823,25.5863900330959,12.124782678455,9.08075286609662,-0.947458597640218,75.2980391744507,38.1055237087976,50.1734681106676,26.079085375111,4.88332735565085,49.8251383403233,29.7113425799616,57.9728382849097,61.9721709080307,13.8041795897375,-6.24769098929613,-6.70265425354439,-12.9771470230477,7.59284554939773,-5.696758258418,-8.26076294164917,-4.39379599087217,-17.730880130017,37.4353561668903,30.6671337508806,-17.1880472379426,-13.8339223805516,NA,NA
"81","2012Q1",2012-03-31,14.9654166330648,21.0895579160292,-3.47360985865396,7.9337991632241,19.4792842363618,21.777941541755,18.3222829025757,15.7412373136123,-4.62658928546164,2.20035310068604,0.124804903336489,-13.1476849233079,11.9016617531209,13.850747221442,-5.04419377222764,-6.61588657490849,-0.12374272364308,-1.65780452859064,11.7859436759068,9.07823516575346,55.5819699085283,47.4945306026074,47.4038073153843,42.0554323652322,48.5264646259375,38.0689647131668,37.4257342948574,36.8464562620109,16.139293931943,17.17158219516,20.0893888117815,9.23067391204739,-2.71131279767266,65.6822789482838,56.0620309207788,50.7118406097364,26.5733447346229,5.38721352717279,41.8258132496993,25.729812140436,60.6373428866967,53.9089279806467,22.11749410082,10.555822474982,10.413776508902,5.62546306263461,7.82930776485526,-3.0932041725394,-2.12374221749426,6.57516898988209,-11.7722598513123,24.2984375066868,16.8406219409929,-21.745860910521,-15.5810477095474,NA,NA
"82","2012Q2",2012-06-30,-0.400867891208724,6.67405392291733,-12.637823995209,-11.6756907559978,2.82551459490788,6.46715529474987,-3.81740499403573,-3.05245263670636,-17.0172472881172,-21.2612682957315,-23.4352629288575,-24.1580033898143,-20.7093460193655,-16.1634396154801,-7.15636407964216,-15.3411466847317,-6.84680045653687,-10.8708337901916,-4.32787590119774,4.51267712088587,61.2605835326102,65.9077756844707,63.0776489654676,71.9825608273937,56.6569286044195,57.1652593300229,21.6144204103704,33.3971835064425,14.2492136889802,21.3568054962217,14.9420561842057,19.6516128710325,-5.57393417429542,73.5953563927865,38.5842618591308,50.0938712276297,30.1008010330954,8.6617356192629,41.3995415045135,26.8559144443388,70.1274166650314,60.1080025793543,25.5668879611312,-18.2118244214132,2.21377275839962,-10.6584673321036,-1.2870492728188,-11.3745260551971,-14.3989482850974,-3.60034715569772,-21.2573190862849,35.5665941793588,20.9491666145808,-24.6302046873746,-12.0112507686142,NA,NA
"83","2012Q3",2012-09-30,-7.98007278971672,6.46466599104581,-11.6007617217184,-9.37173789569271,-10.5473515488883,1.40248597562548,-10.2803249336003,-1.45900279898454,-9.84770703186065,-10.8896119226995,-28.3027767467205,-25.9859221833638,-30.6874254873204,-25.2554679930716,-19.5269568473764,-20.7230014506571,-18.4292986691876,-22.838545484713,-7.21839486172353,-0.819357309577707,67.1384365600285,50.4182183192766,67.5981915776929,57.3245310904054,56.7473350624476,53.452336638941,28.9659909214716,22.7422008220633,11.3717460844857,8.3944454385112,16.7676886628015,17.1359555557155,-15.0668135319206,77.0045454999083,32.1210370569178,55.6315305016785,30.1768306244908,5.18275761654357,43.9046107505254,24.9571186942105,72.1582118596669,63.4418316783758,13.7409285267757,-7.91414078937025,-5.22904346964911,-18.5571998311845,-10.4034063104929,-19.6558479378548,-26.6741543527005,-13.7758633012775,-30.7423783212574,46.8347508520308,25.0577112881686,-27.5145484642283,-8.44145382768099,NA,NA
"84","2012Q4",2012-12-31,-16.0038576419275,-17.7688684571915,-26.423250028077,-14.6796235989426,-19.0260105167263,-15.294686303277,-13.9661052155848,-15.4150266471499,-25.7928838857654,-23.9152229402651,-18.3848859485132,-32.5258770795834,-50.8877581698897,-46.2089349398932,-27.5496873078034,-30.8955399521203,-23.9229107827215,-19.5090229433005,-0.867987042675905,-3.14989803645038,64.1962942988951,58.2851184119982,61.82885580865,54.4920088621394,60.1638320138384,56.0424198248642,18.8783174915748,23.1764861781545,-8.68518086937093,2.40780973349088,19.6681220709315,18.7839585451255,-2.35875984907203,76.6330670628197,32.157514746451,52.1713370359237,27.2165221000304,7.93865997190672,39.5411625413193,27.8587833000573,68.7518529982361,76.5440519272501,9.11434007360939,-3.3587543771842,-2.75787826220546,-30.4245004657569,-9.88144675957797,-13.1787806710443,-23.4579977941234,-19.8666383162528,-29.8150509772858,47.6041803961575,40.5240764580212,-21.0466997357507,-9.51937911369243,NA,NA
"85","2013Q1",2013-03-31,-21.2461167991509,-11.7719675283512,-18.1575396852824,-5.91181922793694,-20.4654402857117,-11.8472395944885,-25.1871633303448,-10.7570781528266,-20.4457201543709,-9.76436373995821,-28.4978084235166,-31.6540741795218,-38.3440862250504,-30.9793814371119,-24.6425614753678,-30.6918114749018,-17.0514076705157,-20.3984884321652,8.2862094945107,2.45116250711813,74.205273492076,64.5795245549586,53.0197560700637,54.4503229872414,61.9580886469937,59.6354004371421,35.3125468171658,43.696194242375,26.4945276500817,34.4752948756694,9.54988319833214,0.591618943132293,-19.0906298045116,80.1039099527467,32.0857270318831,53.5991924019429,26.1137137704383,6.6704277265799,34.9378201435331,25.7938368677333,68.2855027972865,79.8838952209278,9.9310324326977,0.654662218777961,-0.0507129566901214,-26.9248743319026,-9.35948720866306,-6.70171340423387,-20.2418412355462,-25.9574133312281,-28.8877236333142,48.3736099402843,55.9904416278738,-14.5788510072731,-10.5973043997039,NA,NA
"86","2013Q2",2013-06-30,-20.0257951824792,3.03055436352052,-4.00999264026121,-5.82266811724612,-7.03673198430905,-2.46793464196632,-19.8238345669968,-1.80780873487961,-5.6150785489783,-8.05463804915898,-30.26793189618,-24.3660061218605,-39.9739811639408,-30.4808615763799,-19.2467464601766,-28.5431141802617,-17.601755096353,-11.9898210956783,-8.09297914130758,-2.07786090273284,71.3434056051985,67.7451599063505,57.1318439395683,67.6653977745182,72.5791045751893,59.1337798268518,32.2381828098203,39.2503097924938,35.5504289839753,31.6100327429362,15.4224615036316,13.6395349557636,-12.8837199517379,75.4040239780043,25.0391597342893,53.9040714319058,30.4948645977267,8.5437519356695,36.8584091329896,19.3555753835079,71.3645939042449,76.6365274973971,8.03168541229209,14.6979640670191,-8.8741113954754,-26.6071369153726,-7.82578786230818,-10.2967419124935,-12.5055840320364,-17.9168690281314,-25.335458034947,45.9119815023065,48.5914438996186,-23.937080222458,-15.8720420249005,NA,NA
"87","2013Q3",2013-09-30,-3.31085003936349,-8.33870291255018,-4.29916879002222,-14.6065558858759,-0.341802234914602,-11.825699869381,-2.72850412141536,-5.56220577904511,-7.01684740950822,-9.53185298136216,-28.2229027852975,-31.7961190780473,-27.0011579035265,-23.5231163524131,-22.0901396148509,-13.3124066697243,-18.9872252771614,-13.3769996904911,0.189146193701356,-4.31052522867253,77.8966621611336,65.2856733991721,78.5727299711963,61.0007947410262,73.2787422828157,58.7080813143215,51.4845628574108,47.6522543972417,42.195729658219,34.3071186974383,18.8687786877578,8.56692855508078,-7.11161095605663,82.1384021292011,29.3457001836995,51.3091197150232,28.0648849344703,4.87470330074909,36.2424494595531,24.7209623412761,69.3234955462932,70.3330396168871,17.4435006214583,5.08595471794714,-4.75913782859135,-17.981247428962,-6.2920885159533,-13.8917704207532,-4.76932682852663,-9.87632472503476,-21.7831924365797,43.4503530643288,41.1924461713633,-33.2953094376428,-21.146779650097,NA,NA
"88","2013Q4",2013-12-31,-9.01190390484043,-5.95875280202908,-19.9507129207295,-0.37383273493864,-8.3648935895777,0.0807333841074636,-20.3588226173628,-6.88986838672475,-18.3973732951789,0.508909811770343,-23.3855801954526,-15.8541523639015,-35.9101322174699,-29.4540407087083,-19.1468336385007,-12.4912868573714,-11.9383000947323,-5.73737457784389,-7.80870472554988,1.32844805154824,63.8829405771148,51.2218309586263,57.4648636705022,47.160385402417,66.3087391289069,54.0789025553932,26.6855993867724,33.6123333735718,20.3552507708194,20.9453869262252,7.59032731490134,16.2074623318589,-14.9014029634579,77.7568658831444,31.5023271273388,47.0570998178634,25.6391268839261,4.57685675138387,33.6739950651603,25.8895060635029,68.8575686486477,73.6470042777729,15.7558614230281,5.34658471299819,-4.9903257510384,-20.2183710793804,-2.75102407108984,-11.9019742627887,-7.07913812626291,-10.2627457255039,-20.7982950085145,41.6861225089777,42.9122167208533,-30.8111353648306,-16.5694004507986,NA,NA
"89","2014Q1",2014-03-31,-22.7759824428337,15.12793325011,22.0704118591613,25.1601923584716,-5.9369392335361,13.6542792125597,-21.7464476872164,15.744818569674,22.221416669006,25.4812582660968,-22.5966104057088,-28.3673192714885,-41.9010114435496,-23.4780720612263,-25.2129956600716,-16.5385375825929,-7.34100623024098,-4.52718330776062,3.71695037558961,6.91178789810167,77.9494934963448,63.9602002578251,56.6949574190946,53.6505041277297,91.2129229153812,76.2301042913618,56.730267579908,55.9740683375851,39.5449865749075,46.0221981109402,9.88318040619437,6.70405305500744,1.11102944558272,68.8902213147572,23.7282782795817,47.7019708773959,25.3931271875159,6.39371156493945,37.992343904751,30.23969682975,67.5173146086243,71.0724494577005,15.51894002562,20.1183669096699,5.40951557918239,-8.43159468944625,0.790040373773623,-9.91217810482421,-9.3889494239992,-10.649166725973,-19.8133975804493,39.9218919536265,44.6319872703432,-28.3269612920184,-11.9920212515001,NA,NA
"90","2014Q2",2014-06-30,-23.5716677758551,0.169450830125024,13.9037489664529,17.0850279295784,-7.33624438134828,0.840859108721944,-25.652238635251,-7.75175377283807,14.836115513794,23.0864644363077,-15.7676526968627,-12.9088846049721,-29.9181735818785,-16.0512258385175,-24.0033117959221,-19.6476668286361,-17.910660989229,-19.4835669075842,-6.98002929479691,-1.14601421204014,64.9470620408416,65.1037122098741,56.36790663731,70.8831977112117,69.1251206783005,59.7647525259036,41.4994585454394,42.2933186851847,29.8107343865242,30.4096242760881,-0.320003812771888,9.16885763006936,-14.4212056812123,85.4454024113429,27.6144521332998,55.4980001346444,28.4559112304755,8.81522904584325,40.1849095581804,24.1227745982748,73.3479923451383,67.5513896784739,12.5309743395708,23.5322266355226,1.99051681370011,-11.0364856283512,-4.3140481874995,-11.0082454751046,-15.1097839333781,-18.1581310467945,-22.5622650243052,30.7483552232657,41.226351939815,-25.2453168055844,-13.2950463956585,NA,NA
"91","2014Q3",2014-09-30,-8.24243474256238,0.442837054504568,-2.20143679931939,0.801718138518952,-13.9813264361773,2.93373514807292,-13.3230795622344,0.187484019658414,-8.37895742640782,-6.50677582083773,-5.0852718543528,-10.4854393442693,-38.252885970326,-18.3151827498564,-40.5667846045135,-35.1465220618312,-17.7910250688207,-14.0583773927287,-2.00791866308166,-6.20329889881631,69.6361398379893,49.6236005974131,74.9992683453901,51.1752359825377,74.4247915393911,56.9476782877751,38.6872226442471,36.468398659837,39.7546671498962,35.298723116359,3.75413853016026,4.87942383835244,2.69624097313447,83.1743989597929,24.6355279027727,48.4153192757947,23.9678570003138,7.14668525153369,37.5619294930327,35.5642102854762,59.4095387537491,71.1194203311319,10.0528135660485,-2.49124146101583,-9.74512624316181,-24.0131770220608,-9.41813674877263,-12.1043128453851,-20.8306184427569,-25.667095367616,-25.311132468161,21.574818492905,37.8207166092869,-22.1636723191505,-14.598071539817,NA,NA
"92","2014Q4",2014-12-31,18.453235933083,4.60883753411147,10.2814597349866,15.2915892800789,21.9290035527262,20.1089472368559,17.109686584054,5.51928792679364,1.27591933098322,3.04336003183314,3.51565236602791,-6.82271722586995,4.50184267650296,-14.6134174481332,-7.48897447621963,-14.2542573325728,6.75318448619791,-11.0544518887047,10.9815181698924,-11.8015877368378,2.69743817088779,-3.88606125180447,-11.8551062304026,-10.3378202441434,-18.3188920912526,-23.0959256834406,16.7123030861305,15.6725935569739,24.1544333162343,26.148728837373,-0.836484355537463,-2.66175128943014,-6.98717050180445,67.1534456938096,34.7401070073792,46.8684097177775,25.0835607876589,4.43173143588459,46.8019366511605,37.9960766814278,57.9776082456503,75.3945494823416,7.49195512802007,21.003349139139,12.853767093027,-18.548169734589,-9.81316400290569,-17.5795511286587,-14.6315354137031,-26.1985511209826,-30.0110908026821,29.1864136201149,43.8181446110894,-16.9034886727742,-9.30823267506816,NA,NA
"93","2015Q1",2015-03-31,-8.53956449887252,9.07992456024807,-4.79468673554603,-0.256857351487111,-3.17824711287419,1.211813015053,-17.1639343289318,-2.93039218819056,-7.56429045624687,-2.04354904510535,-9.65329551001241,-17.6876518624451,-36.6403513527465,-19.2762085935848,-18.4468592272523,-25.4858048722352,-10.8233341513967,-16.2408609166127,-4.64104457436777,-2.36018965052424,30.7338664528712,30.4856449287536,23.0986454249312,24.9347226761491,11.6623086279209,20.1492677030571,20.0204426052839,20.5191205007902,6.2661209283941,20.1887159724923,7.60086295822488,3.01739719923476,5.35424836696542,66.4803272208404,25.8443028475663,48.9730084537164,27.6750532099897,9.31682583429855,40.2174472570529,32.6235112438089,64.2823785293279,77.4204971745848,-0.866273932644009,-7.04082332096542,-16.3574524214556,-39.6677045890735,-10.2081912570388,-23.0547894119323,-8.4324523846492,-26.7300068743492,-34.7110491372032,36.7980087473248,49.8155726128918,-11.643305026398,-4.01839381031936,NA,NA
"94","2015Q2",2015-06-30,-26.6374311888072,-13.6744424935125,-9.50231209983752,-0.0480952168187236,-26.8074262321548,-10.4528072250864,-24.6833291072888,-21.130170140931,-18.488390758258,-11.8381758071709,-27.0004792352213,-26.2185693144249,-56.1467721002252,-43.4511602387673,-30.4667103939832,-24.5775001613527,-22.5354518199433,-15.6846399483059,-10.3746839254071,-4.23468361363289,60.5766455236648,53.6600546428873,58.8890074364831,59.2395875287074,43.7818138749472,48.600016195186,18.3327275559121,22.5949046726974,22.624520643548,29.3577656942925,14.7150829696344,19.6205253772347,-28.5763046231287,80.1258004640825,19.3662521613823,47.1852951619527,25.2918344018064,2.76596399799483,36.239082213337,31.5753844058107,71.5416173201032,75.2232643125528,-2.99943190574946,2.94063466789383,-19.7477076687858,-36.6097838020176,-19.0170706238842,-27.9222506301779,-22.1238456194524,-33.6668042967462,-42.3816425446977,47.6136160469007,57.1946123888463,-10.2866235501805,-5.85358689493678,NA,NA
"95","2015Q3",2015-09-30,-24.7245770018885,-25.1965809207471,-6.366680418842,-8.14383449226808,-24.6531796511521,-35.8111008412937,-37.367085869527,-40.05605302113,-11.3378375239308,-13.8249010714729,-26.3538045542983,-24.6064010210516,-54.0101368209361,-54.4123161296164,-34.4701632785321,-37.232906126727,-27.9841036396584,-34.3847411635956,-27.8948402546109,-35.9207040216984,69.1590040283931,54.6341043936243,69.2879285809002,46.5631953933547,51.6312558016063,43.5143057832103,10.33547119586,1.12389650293307,20.7993659176536,21.2211592541969,5.71738741839835,9.03848157545521,-23.7961784737437,86.7450661829598,17.7976343999177,46.3493671343343,22.93265573555,5.2016649024183,31.8597463774714,37.133387583809,72.2125121361666,81.8456145998325,9.63983811739003,0.699123498901686,-34.1586213649923,-54.5970363258828,-27.8259499907296,-32.7897118484235,-35.8152388542556,-40.6036017191432,-50.0522359521923,58.4292233464765,64.5736521648008,-8.92994207396298,-7.6887799795542,NA,NA
"96","2015Q4",2015-12-31,-19.9340536731174,-26.1679860692899,-19.9591766950676,-21.984348674196,-21.9494851200682,-27.0264702185079,-26.3324085668617,-25.0424917329662,-30.7254267346202,-27.7760659269309,-30.9497505681568,-29.2050570452749,-52.7444471738759,-54.3660666625503,-20.0755331811103,-27.3136158139747,-23.3179622736867,-28.5422559196057,-17.5464535958581,-20.458595620734,66.1816027146643,66.5465693508549,68.5712513789208,63.1683027198115,61.8827340043098,66.4092346906819,19.7518354999243,32.3938682902514,21.4721058323537,30.2276009362175,17.759301199872,23.4651766679433,-27.2168822970495,77.6101658410679,22.9252775573361,49.6491487855938,24.9344403531322,4.8166563695919,31.7413217633704,32.6677299686886,68.5620649945274,75.267351138697,-21.1157467917655,-22.2208265622706,-26.7846163685101,-42.8345159239065,-24.421733801381,-31.7133970308212,-27.7399084783271,-30.0579936307383,-44.5818952332874,54.319264293972,64.5963662079841,-9.24423813464343,-9.00015665968648,NA,NA
"97","2016Q1",2016-03-31,-20.669738330954,-11.9706741876994,-12.6932759877033,-0.411726660283312,-9.78535694893789,-4.25766593836159,-22.570568810589,-17.0959472959883,-9.17278466797737,-8.74177047115424,-20.6818378649196,-22.9858875689613,-57.8195438939012,-49.3867364781646,-24.22405903982,-23.757608037478,-15.0326814259556,-19.5869602052578,-12.7011751011673,-17.1835333530547,78.298374827552,68.9077391177999,60.8810942182657,53.6469509154901,77.7193875128159,72.4556283429076,51.1281346510489,53.5228803801926,51.1497985454949,43.9033282414407,10.1263042245076,6.39381754584018,-21.0105652862964,82.3292045515808,16.2773389033519,45.4128342089321,26.7685308205241,4.68649811162998,38.4595130970252,40.3027960317562,67.8877153793747,86.2018986018417,-16.7738061911223,11.2612048972134,-20.1377687318581,-49.028621405802,-21.0175176120324,-30.637082213219,-19.6645781023986,-19.5123855423333,-39.1115545143825,50.2093052414674,64.6190802511674,-9.55853419532387,-10.3115333398188,NA,NA
"98","2016Q2",2016-06-30,-20.8187382782702,-18.5605934062525,-0.370520531954857,-1.11910034759277,-28.3409142540757,-17.3739436607305,-31.0316508231623,-25.0950038393892,-8.60891066349226,-4.65404183014922,-19.5049845567742,-18.8975041271012,-58.9886011198375,-48.1989852573949,-28.6483392826685,-37.6238228243575,-21.6953624097512,-16.7469906940243,-10.0067026056398,-15.4909162770449,79.449575140706,75.1850014314632,63.7391753448535,74.4129853741654,81.5262340706153,77.9980922284795,54.7669186456251,49.3975996490258,44.2914464785113,53.3969971926321,19.8826243048046,16.3717225605589,-13.3486618589224,77.2960472257971,22.5335068278033,48.2030120318887,22.9196226357215,3.67175214962599,40.2665212031391,36.8460705040029,66.6811192856163,80.5099877446831,1.77028943637527,9.0510672713974,-27.4384769265213,-45.707003112282,-13.544473379193,-23.1726939553117,-13.8968930373834,-20.4014592203584,-30.776584867291,47.907102653767,56.0313192172763,-13.1981941115175,-13.6035747889743,NA,NA
"99","2016Q3",2016-09-30,-29.224822309132,-5.0596949450012,-11.8386389804821,-8.57463952008871,-26.5180722020643,-6.95767488234497,-39.2557775447494,-15.9802009557103,-10.4322838099832,-11.5306958730105,-29.8221028013979,-34.2411709663448,-49.1748068768434,-30.4592247118023,-18.7747497283031,-26.5631593830639,-18.7235168202282,-20.4240118484928,-4.52176484424404,-18.4095667557947,76.980657630776,52.464182554349,80.8784532040248,52.6336782482979,59.197394474321,51.1166636694848,41.8433322679808,30.4129048779988,15.8456246946134,6.87806560714851,15.0343052735261,16.2904458526875,-17.6671894670283,81.0173987299068,24.9256556252101,44.7032489623936,26.0467091709106,5.58607454854131,32.2400584897612,39.2090753909337,68.6156621639383,74.2696032728434,9.64814812610247,17.3167192436172,-1.36976407034358,-6.76073729948653,-6.07142914635361,-15.7083056974044,-8.12920797236815,-21.2905328983835,-22.4416152201995,45.6049000660667,47.4435581833853,-16.8378540277111,-16.8956162381299,NA,NA
"100","2016Q4",2016-12-31,-9.66841457433508,-13.6288062046087,-15.7603178395965,-4.53234877849019,-5.06958660241951,-3.67500490835775,-13.2432750559807,-7.84766411740903,-18.682665217709,-3.09523712634235,-14.9154403926023,-13.6575293380402,-28.7486572721283,-26.1217985103872,-17.7795746441963,-12.2708753197613,-15.03714036407,-19.5297376067709,-14.2893859191156,-13.2593683909237,54.7412332191682,44.9488964825824,54.1928194019111,41.4885671030469,62.2953803432374,53.4702248569798,24.9791996766758,29.8904559249565,15.8589170794303,17.4820055861124,12.1040887463259,5.13291318388214,-7.34558932243763,71.7003529752364,39.0878985541741,46.8496948357192,17.8915232575174,2.49528844778514,37.0990635462776,29.5423004209043,70.585077495904,79.6902700052229,8.54608767782074,12.4375417683757,-14.0049651234999,-30.9560336476497,NA,NA,NA,NA,NA,NA,NA,NA,NA,NA,NA
